-- MySQL dump 10.13  Distrib 8.0.33, for Win64 (x86_64)
--
-- Host: localhost    Database: foodfam
-- ------------------------------------------------------
-- Server version	8.0.33

/*!40101 SET @OLD_CHARACTER_SET_CLIENT=@@CHARACTER_SET_CLIENT */;
/*!40101 SET @OLD_CHARACTER_SET_RESULTS=@@CHARACTER_SET_RESULTS */;
/*!40101 SET @OLD_COLLATION_CONNECTION=@@COLLATION_CONNECTION */;
/*!50503 SET NAMES utf8 */;
/*!40103 SET @OLD_TIME_ZONE=@@TIME_ZONE */;
/*!40103 SET TIME_ZONE='+00:00' */;
/*!40014 SET @OLD_UNIQUE_CHECKS=@@UNIQUE_CHECKS, UNIQUE_CHECKS=0 */;
/*!40014 SET @OLD_FOREIGN_KEY_CHECKS=@@FOREIGN_KEY_CHECKS, FOREIGN_KEY_CHECKS=0 */;
/*!40101 SET @OLD_SQL_MODE=@@SQL_MODE, SQL_MODE='NO_AUTO_VALUE_ON_ZERO' */;
/*!40111 SET @OLD_SQL_NOTES=@@SQL_NOTES, SQL_NOTES=0 */;

--
-- Table structure for table `category`
--

use foodfam_api;

DROP TABLE IF EXISTS `category`;
/*!40101 SET @saved_cs_client     = @@character_set_client */;
/*!50503 SET character_set_client = utf8mb4 */;
CREATE TABLE `category` (
  `id` bigint NOT NULL AUTO_INCREMENT,
  `category` varchar(255) DEFAULT NULL,
  PRIMARY KEY (`id`)
) ENGINE=InnoDB AUTO_INCREMENT=9 DEFAULT CHARSET=utf8mb4 COLLATE=utf8mb4_0900_ai_ci;
/*!40101 SET character_set_client = @saved_cs_client */;

--
-- Dumping data for table `category`
--

LOCK TABLES `category` WRITE;
/*!40000 ALTER TABLE `category` DISABLE KEYS */;
INSERT INTO `category` VALUES (1,'Breakfast'),(2,'Grains, Breads'),(3,'Main Dishes'),(4,'Salads'),(5,'Sandwiches'),(6,'Side Dish'),(7,'Vegetables'),(8,'Soup');
/*!40000 ALTER TABLE `category` ENABLE KEYS */;
UNLOCK TABLES;

--
-- Table structure for table `ingredient`
--

DROP TABLE IF EXISTS `ingredient`;
/*!40101 SET @saved_cs_client     = @@character_set_client */;
/*!50503 SET character_set_client = utf8mb4 */;
CREATE TABLE `ingredient` (
  `id` bigint NOT NULL AUTO_INCREMENT,
  `ingredient` varchar(255) DEFAULT NULL,
  `recipe_id` int DEFAULT NULL,
  PRIMARY KEY (`id`),
  KEY `FKj0s4ywmqqqw4h5iommigh5yja` (`recipe_id`),
  CONSTRAINT `FKj0s4ywmqqqw4h5iommigh5yja` FOREIGN KEY (`recipe_id`) REFERENCES `recipe` (`id`)
) ENGINE=InnoDB AUTO_INCREMENT=446 DEFAULT CHARSET=utf8mb4 COLLATE=utf8mb4_0900_ai_ci;
/*!40101 SET character_set_client = @saved_cs_client */;

--
-- Dumping data for table `ingredient`
--

LOCK TABLES `ingredient` WRITE;
/*!40000 ALTER TABLE `ingredient` DISABLE KEYS */;
INSERT INTO `ingredient` VALUES (1,'Canned tuna, chunk style, water packed, drained',1),(2,'Low-fat mayonnaise',1),(3,'Garlic, minced',1),(4,'Fresh ginger, minced',1),(5,'Low-sodium soy sauce',1),(6,'*Fresh green onions, top and bottom, diced finely',1),(7,'*Fresh red bell pepper, diced',1),(8,'Sesame oil',1),(9,'Canola oil',1),(10,'Egg whites',1),(11,'Panko breadcrumbs',1),(12,'Whole-grain roll, 2 oz each',1),(13,'*Fresh romaine lettuce',1),(14,'*Fresh tomatoes, sliced',1),(15,'Ranch dressing',2),(16,'*Fresh white onions, chopped',2),(17,'Paprika',2),(18,'Chili powder',2),(19,'Catsup',2),(20,'Garlic powder',2),(21,'Brown sugar',2),(22,'Worcestershire sauce',2),(23,'Ground black pepper',2),(24,'Salt-free seasoning',2),(25,'Frozen, cooked diced chicken, thawed ½ pieces',2),(26,'OR',2),(27,'Frozen, cooked diced turkey, thawed ½ piece',2),(28,'Ancho chili powder',2),(29,'OR',2),(30,'Mexican seasoning mix (See Notes Section)',2),(31,'*Fresh green onions, diced',2),(32,'*Fresh red onions, diced',2),(33,'*Fresh celery, diced',2),(34,'*Fresh iceberg lettuce, leaves, rinsed, dry',2),(35,'*Fresh tomatoes, sliced',2),(36,'Mini whole-grain roll (Optional)',2),(37,'Canned, low sodium pinto beans, drained, rinsed',3),(38,'OR',3),(39,'Dry pinto beans, cooked (See Notes Section)',3),(40,'Fresh onions, chopped',3),(41,'Garlic powder',3),(42,'Ground black pepper',3),(43,'Chili powder',3),(44,'Ground cumin',3),(45,'Paprika',3),(46,'Onion powder',3),(47,'Salt',3),(48,'Water',3),(49,'Canned no-salt-added tomato paste',3),(50,'Water',3),(51,'Brown rice, long-grain, regular, dry, parboiled',3),(52,'Fresh cilantro, finely chopped',3),(53,'Pico de Gallo Recipe:',3),(54,'Fresh tomatoes, chopped',3),(55,'Fresh red onions, diced ¼”',3),(56,'Fresh jalapeño peppers, seeded, diced ¼”',3),(57,'Fresh cilantro, finely chopped',3),(58,'Fresh green onions, finely chopped',3),(59,'Salt',3),(60,'Ground black pepper',3),(61,'Garlic powder',3),(62,'Reduced-fat cheddar cheese,finely shredded',3),(63,'Whole-wheat flour',4),(64,'Oats, rolled, dry',4),(65,'Brown sugar',4),(66,'Ground cinnamon',4),(67,'Ground nutmeg',4),(68,'Salt',4),(69,'Margarine, trans fat-free',4),(70,'Canola oil',4),(71,'*Fresh butternut squash, peeled, diced',4),(72,'Fat-free half and half',4),(73,'Ground allspice',4),(74,'Vanilla extract',4),(75,'Frozen eggs, thawed',4),(76,'Low-fat yogurt, plain',5),(77,'Low-fat mayonnaise',5),(78,'Salt',5),(79,'Ground nutmeg',5),(80,'Apple cider vinegar',5),(81,'Honey',5),(82,'*Fresh carrots, finely diced',5),(83,'Canned pineapple tidbits in 100% juice, drained',5),(84,'*Fresh green apples, cored, diced, unpeeled',5),(85,'Golden Raisins',5),(86,'Coconut, shredded',5),(87,'Frozen chicken strips, cooked, thawed',6),(88,'Ground black or white pepper',6),(89,'Garlic powder',6),(90,'Chili powder',6),(91,'Ground cumin',6),(92,'Dried oregano',6),(93,'Ancho chili powder',6),(94,'OR',6),(95,'Mexican Seasoning Mix (See Notes Section)',6),(96,'*Fresh red bell pepper, diced',6),(97,'*Fresh green bell peppers, sliced',6),(98,'*Fresh onions, sliced',6),(99,'Frozen corn, thawed, drained',6),(100,'Canned no-salt-added diced tomatoes, drained',6),(101,'Canned low-sodium salsa',6),(102,'Sugar',6),(103,'Canola oil',6),(104,'Paprika',6),(105,'*Fresh limes, squeezed',6),(106,'OR',6),(107,'Lime juice, bottled',6),(108,'Whole-grain tortillas, 8',6),(109,'Low-sodium chicken broth',7),(110,'Whole-grain spaghetti noodle',7),(111,'Fresh onions, diced ¼”',7),(112,'Fresh carrots, shredded',7),(113,'Margarine, trans fat-free',7),(114,'Whole-wheat flour',7),(115,'Fresh bell pepper,chopped',7),(116,'Nonfat milk',7),(117,'Salt',7),(118,'Ground black pepper',7),(119,'Dried marjoram',7),(120,'Dried parsley',7),(121,'Fresh spinach, chopped',7),(122,'Frozen, cooked diced chicken, thawed ¼',7),(123,'Fresh broccoli crowns, cut into small pieces',8),(124,'Fresh yellow squash, diced',8),(125,'Fresh red bell peppers, julienned',8),(126,'Fresh carrots, sliced',8),(127,'Tofu',8),(128,'Water',8),(129,'Low sodium soy sauce',8),(130,'Garlic powder',8),(131,'Ground black or white pepper',8),(132,'Fresh ginger, minced',8),(133,'Asian spice powder',8),(134,'Stir Fry Sauce USDA Recipe for CACFP, https://theicn.org/cnrb/',8),(135,'Water',9),(136,'Salt',9),(137,'Brown rice, long-grain, regular, dry, parboiled',9),(138,'Canola oil',9),(139,'*Fresh onions, diced',9),(140,'*Fresh green bell peppers, diced',9),(141,'Garlic, minced',9),(142,'Ground cumin',9),(143,'Vegetable base powder, low-sodium',9),(144,'Canned low-sodium black beans, drained, rinsed',9),(145,'OR',9),(146,'Dry black beans, cooked (See Notes Section)',9),(147,'Water',9),(148,'Salt',9),(149,'Fresh cilantro, minced',9),(150,'*Fresh onions, minced',9),(151,'Smoked turkey drumsticks, deboned, shredded',10),(152,'Water',10),(153,'Fresh red potatoes,unpeeled, diced ½',10),(154,'Margarine, trans fat-free',10),(155,'Fresh onions, chopped',10),(156,'Garlic, minced',10),(157,'Ground thyme',10),(158,'Ground black or white pepper',10),(159,'Onion powder',10),(160,'Frozen green beans, thawed, drained',10),(161,'Raw ground turkey (no more than 15% fat)',11),(162,'Raw ground beef (no more than 15% fat)',11),(163,'Canola oil',11),(164,'Fresh cilantro, chopped',11),(165,'*Fresh onions, diced',11),(166,'*Fresh green bell peppers, chopped',11),(167,'Garlic, minced',11),(168,'*Fresh celery, diced',11),(169,'Frozen corn, thawed, drained',11),(170,'Salt',11),(171,'Ground black or white pepper',11),(172,'Chili powder',11),(173,'Ground cumin',11),(174,'Paprika',11),(175,'Onion powder',11),(176,'Cinnamon',11),(177,'Garlic powder',11),(178,'Oregano',11),(179,'Ancho chili powder',11),(180,'OR',11),(181,'Mexican seasoning mix (See Notes Section)',11),(182,'Water',11),(183,'Low-sodium beef base',11),(184,'Canned no-salt-added tomato paste',11),(185,'Canned no-salt-added diced tomatoes, undrained',11),(186,'Brown rice, long-grain, regular, dry, parboiled',11),(187,'Water',11),(188,'Fresh limes',11),(189,'OR',11),(190,'Lime juice',11),(191,'Raw chicken thighs, boneless, skinless',12),(192,'Honey',12),(193,'Fresh lime juice',12),(194,'Salt',12),(195,'Ground black or white pepper',12),(196,'Lime',12),(197,'Brown rice, long-grain, regular, dry, parboiled',13),(198,'Canola oil',13),(199,'*Fresh onions, chopped',13),(200,'*Fresh green bell peppers, chopped',13),(201,'*Fresh red bell pepper, diced',13),(202,'*Fresh celery, diced',13),(203,'Garlic, minced',13),(204,'Salt-free seasoning',13),(205,'Vegetable base powder',13),(206,'Bay leaves',13),(207,'Canned low-sodium black-eyed peas, drained, rinsed',13),(208,'OR',13),(209,'*Dry black eyed peas, cooked (See Notes Section)',13),(210,'Water',13),(211,'Salt',13),(212,'Jerk seasoning spice, no salt added',14),(213,'Garlic powder',14),(214,'Ground coriander',14),(215,'Ground paprika',14),(216,'Red pepper flakes',14),(217,'Salt',14),(218,'Frozen tilapia, thawed, cut into 25 pieces',14),(219,'*Fresh mango, diced',14),(220,'Canned pineapple tidbits in 100% juice, drained',14),(221,'*Fresh tomatoes, diced',14),(222,'*Fresh cilantro, diced',14),(223,'*Fresh jalapeños, diced',14),(224,'Lime juice',14),(225,'Sugar',14),(226,'Whole-grain tortillas, 10”',14),(227,'*Fresh baby spinach, chopped',14),(228,'Water',15),(229,'*Fresh cauliflower florets',15),(230,'Water',15),(231,'Whole-grain elbow macaroni',15),(232,'Canola oil',15),(233,'Flour',15),(234,'Low-fat (1%) milk',15),(235,'Water',15),(236,'*Fresh onion, diced',15),(237,'Skim milk',15),(238,'Low-fat cheddar cheese, shredded',15),(239,'Egg white',15),(240,'Low-fat sour cream ',15),(241,'Non-fat sour cream',15),(242,'Ground black or white pepper',15),(243,'Garlic powder',15),(244,'Dried onion flakes',15),(245,'Salt',15),(246,'Lemon pepper',15),(247,'Water',16),(248,'Whole-grain elbow macaroni',16),(249,'Low-fat mayonnaise',16),(250,'White vinegar',16),(251,'Sugar',16),(252,'Mustard',16),(253,'*Fresh red bell peppers, diced',16),(254,'*Fresh green bell peppers, diced',16),(255,'Canned pimientos, diced, drained',16),(256,'*Fresh carrots, grated',16),(257,'*Fresh celery, diced',16),(258,'*Fresh red onions, diced',16),(259,'Salt',16),(260,'Ground black or white pepper',16),(261,'Paprika',16),(262,'Lime juice',17),(263,'Dried parsley',17),(264,'Ground cumin',17),(265,'Fresh garlic, minced',17),(266,'Ancho chili powder',17),(267,'OR',17),(268,'Mexican seasoning mix (See Notes Section)',17),(269,'Fresh cilantro, minced',17),(270,'Olive oil',17),(271,'Honey',17),(272,'*Apple cider vinegar',17),(273,'Canned low-sodium black beans, drained, rinsed',17),(274,'OR',17),(275,'*Dry black beans, cooked (See Notes Section)',17),(276,'Frozen whole-kernel corn, thawed',17),(277,'*Fresh green peppers, diced',17),(278,'*Fresh red peppers, diced',17),(279,'Canned low-sodium salsa',17),(280,'*Fresh red onions, diced',17),(281,'Jalapeños, diced, seeded',17),(282,'Low-fat cheddar cheese, shredded',17),(283,'Frozen whole eggs, thawed',18),(284,'Nonfat milk',18),(285,'Whole-wheat flour',18),(286,'Baking powder',18),(287,'Salt',18),(288,'Ground black or white pepper',18),(289,'Ground nutmeg',18),(290,'*Fresh red bell peppers, diced',18),(291,'*Fresh onions, chopped',18),(292,'*Fresh spinach, chopped',18),(293,'Low-fat cheddar cheese, shredded',18),(294,'Low-sodium chicken broth',19),(295,'Brown rice, long-grain, regular, dry, parboil',19),(296,'Margarine, trans fat-free',19),(297,'*Fresh onions, diced',19),(298,'*Fresh mushrooms, sliced',19),(299,'Garlic, minced',19),(300,'Salt',19),(301,'Ground black or white pepper',19),(302,'Onion powder',19),(303,'Whole-wheat flour',19),(304,'Low-fat (1%) milk',19),(305,'*Fresh kale, chopped',19),(306,'Low-fat cheddar cheese, shredded',19),(307,'Low-fat mozzarella cheese, low-moisture, part-skim, shredded',19),(308,'Canned diced potatoes, drained',20),(309,'Canola oil',20),(310,'Fresh garlic, minced',20),(311,'Salt',20),(312,'White pepper',20),(313,'Raw ground turkey breast (no more than15% fat)',20),(314,'*Fresh red bell peppers, diced',20),(315,'Fresh green bell peppers, diced',20),(316,'Cayenne pepper',20),(317,'Ground sage',20),(318,'Red pepper flakes',20),(319,'Coriander seeds, whole',20),(320,'Garlic powder',20),(321,'Onion powder',20),(322,'Canned applesauce, unsweetened',20),(323,'Beef shoulder',21),(324,'*Fresh onions, chopped',21),(325,'*Fresh red bell peppers, chopped',21),(326,'Fresh garlic, minced',21),(327,'Salt',21),(328,'Ground oregano',21),(329,'Ground cumin',21),(330,'Dried rosemary, crushed',21),(331,'Ground black pepper',21),(332,'Apple cider vinegar',21),(333,'Low-sodium beef broth',21),(334,'Canned no-salt-added tomato paste',21),(335,'Water',21),(336,'Bay leaves',21),(337,'Fresh cilantro, chopped',21),(338,'Water',21),(339,'Brown rice, long-grain, regular, dry, parboiled',21),(340,'Quinoa',22),(341,'Water',22),(342,'Olive oil',22),(343,'Tofu, firm, drained',22),(344,'Garlic, minced',22),(345,'Ground cumin',22),(346,'Crushed red pepper flakes',22),(347,'Salt',22),(348,'Ground black pepper',22),(349,'Curry powder',22),(350,'Ground turmeric',22),(351,'*Fresh red bell peppers, diced',22),(352,'*Fresh green onions,diced, top and bottoms',22),(353,'*Spinach, fresh, diced',22),(354,'Low-fat (1%) milk',23),(355,'Water',23),(356,'Margarine, trans fat-free',23),(357,'Agave nectar (See Notes Section)',23),(358,'Vanilla extract',23),(359,'Ground cinnamon',23),(360,'Ground nutmeg',23),(361,'Salt',23),(362,'Oats, rolled, dry (See Notes Section)',23),(363,'Low-fat Greek yogurt',24),(364,'Frozen strawberries, diced',24),(365,'Agave syrup',24),(366,'Vanilla extract',24),(367,'Quinoa, dry',25),(368,'Bulgur wheat, dry',25),(369,'Water',25),(370,'Salt',25),(371,'*Fresh tomatoes, unpeeled, diced',25),(372,'*Fresh cucumbers,peeled, seeded, diced',25),(373,'Fresh parsley, chopped',25),(374,'Fresh parsley, chopped',25),(375,'*Fresh onions, diced',25),(376,'*Fresh red bell peppers, diced',25),(377,'Fresh mint, chopped',25),(378,'Ground cumin',25),(379,'Lemon Juice',25),(380,'Olive oil',25),(381,'Canned tuna, chunk style, water packed, drained',26),(382,'*Fresh onions, chopped',26),(383,'*Fresh celery, chopped',26),(384,'Dry mustard',26),(385,'Eggs, hard boiled, peeled, chilled, chopped',26),(386,'Low-fat mayonnaise',26),(387,'Parsley',26),(388,'Garlic powder',26),(389,'Onion powder',26),(390,'*Fresh romaine lettuce, leaves, rinsed, dry',26),(391,'*Fresh tomatoes, sliced',26),(392,'Mini whole-grain rolls',26),(393,'Crumbled cornbread made from Cornbread - USDA Recipe (See Notes)',27),(394,'Margarine, trans fat-free',27),(395,'*Fresh celery, chopped',27),(396,'*Fresh onions, chopped',27),(397,'*Fresh green bell peppers, diced',27),(398,'Whole-wheat flour',27),(399,'Nonfat milk',27),(400,'Low-sodium chicken broth',27),(401,'Poultry seasoning',27),(402,'Ground black or white pepper',27),(403,'Fresh garlic, minced',27),(404,'Ground sage',27),(405,'Cooked turkey, shredded',27),(406,'Margarine, trans fat-free',28),(407,'Garlic powder',28),(408,'Dried basil',28),(409,'Dried oregano',28),(410,'Whole-grain bread, sliced',28),(411,'*Fresh baby spinach, leaves, coarsely chopped',28),(412,'Low-fat mozzarella cheese, sliced',28),(413,'*Fresh tomatoes, ¼” sliced',28),(414,'Canola oil',29),(415,'*Fresh onions, diced',29),(416,'*Fresh green bell peppers, diced',29),(417,'*Fresh jalapeño peppers, seeded, diced',29),(418,'Chili powder',29),(419,'Ground cumin',29),(420,'Garlic powder',29),(421,'Ancho chili powder',29),(422,'OR',29),(423,'Mexican seasoning mix (See Notes Section)',29),(424,'Onion powder',29),(425,'Red hot sauce (optional)',29),(426,'Brown sugar',29),(427,'Canned no-salt-added crushed tomatoes, undrained',29),(428,'Canned no-salt-added diced tomatoes, undrained',29),(429,'Canned low-sodium kidney beans, drained',29),(430,'OR',29),(431,'*Dry kidney beans, cooked (See Notes Section)',29),(432,'Bulgur wheat, dry',29),(433,'Low-sodium vegetable broth',29),(434,'Water',29),(435,'Low-fat sour cream',29),(436,'*Fresh mushrooms, coarsely chopped',30),(437,'*Fresh onions, diced',30),(438,'*Fresh red bell peppers, diced',30),(439,'Salt',30),(440,'Ground black pepper',30),(441,'*Fresh spinach, coarsely chopped',30),(442,'Low-fat cheddar cheese, shredded',30),(443,'Skim milk',30),(444,'Whole Eggs',30),(445,'Whole wheat flour',30);
/*!40000 ALTER TABLE `ingredient` ENABLE KEYS */;
UNLOCK TABLES;

--
-- Table structure for table `instruction`
--

DROP TABLE IF EXISTS `instruction`;
/*!40101 SET @saved_cs_client     = @@character_set_client */;
/*!50503 SET character_set_client = utf8mb4 */;
CREATE TABLE `instruction` (
  `id` bigint NOT NULL AUTO_INCREMENT,
  `instruction` varchar(600) DEFAULT NULL,
  `recipe_id` int DEFAULT NULL,
  PRIMARY KEY (`id`),
  KEY `FKcd28dqk4w4civw4jbswqhde2o` (`recipe_id`),
  CONSTRAINT `FKcd28dqk4w4civw4jbswqhde2o` FOREIGN KEY (`recipe_id`) REFERENCES `recipe` (`id`)
) ENGINE=InnoDB AUTO_INCREMENT=395 DEFAULT CHARSET=utf8mb4 COLLATE=utf8mb4_0900_ai_ci;
/*!40101 SET character_set_client = @saved_cs_client */;

--
-- Dumping data for table `instruction`
--

LOCK TABLES `instruction` WRITE;
/*!40000 ALTER TABLE `instruction` DISABLE KEYS */;
INSERT INTO `instruction` VALUES (1,'1. Preheat oven: Conventional oven: 400 °F. Convection oven: 375 °F.',1),(2,'2. Drain and flake tuna.',1),(3,'3. In a large bowl, combine tuna, mayonnaise, garlic, ginger, soy sauce, green onions, red bell peppers, sesame oil, canola oil, and egg whites together.',1),(4,'4. Add breadcrumbs and stir well.',1),(5,'5. Use a No.12 scoop to portion 25 servings onto a full sheet pan lined with parchment paper that is lightly sprayed with pan release spray. Press tuna lightly to form into tuna burgers (3½ oz) patties. For 25 servings, use 1 pan. For 50 servings, use 2 pans.',1),(6,'6. Bake: Conventional: 400 °F -10 minutes. Convection: 375 °F - 8 minutes.',1),(7,'7. Critical Control Point: Heat to 165 °F or higher for at least 15 seconds.',1),(8,'8. Slice rolls open and place on plate. Place ½ oz of lettuce (3” x 3” pieces) on bottom half of each roll.',1),(9,'9. Place 1½ oz sliced (¼” slice) tomato on top of lettuce.',1),(10,'10. Place (3½ oz) cooked tuna burger on top of tomato. Cover with top of roll.',1),(11,'11. Critical Control Point: Hold for hot service at 140 °F or higher.',1),(12,'12. Serve 1 burger.',1),(13,'1. Prepare ranch dressing and refrigerate. Set aside for step 4. For 25 servings, use 1 cup (about 8 oz) ranch dressing. For 50 servings, use 2 cups (about 1 lb) ranch dressing',2),(14,'2. Critical Control Point: Cool to 40 °F or lower within 4 hours.',2),(15,'3. Barbecue sauce: Combine white onions, paprika, chili powder, catsup, garlic powder, brown sugar, Worcestershire sauce, black pepper, and salt-free seasoning in a large stock pot. Simmer uncovered over medium heat for 15-20 minutes. Stir occasionally. For 25 servings, use about 2 lb 14 oz (1 qt 1½ cups) barbecue sauce. For 50 servings, use about 5 lb 12 oz (2 qt 3 cups) barbecue sauce.',2),(16,'4. Combine barbecue sauce, ranch dressing, chicken or turkey, ancho chili powder or Mexican seasoning mix, green onions, red onions, and diced celery in a large bowl. Stir well.',2),(17,'5. Pour into a large steam table pan 7 lb 10 oz (1 gal 2 qt). Refrigerate.',2),(18,'6. Critical Control Point: Cool to 40 °F or lower within 4 hours.',2),(19,'7. Line the bun sheets with parchment paper and 25 saucers. Place lettuce on each plate (25 pieces). Using an 8 oz spoodle place (1 cup) barbecued chicken salad on top of plated lettuce. Recommendation: 25 scoops per bun pan. For 25 servings, use 2 pans. For 50 servings, use 4 pans.',2),(20,'8. Place sliced tomato on top of barbecued chicken salad.',2),(21,'9. If desired, serve on a whole-grain roll.',2),(22,'10. Critical Control Point: Hold at 40 °F or lower.',2),(23,'11. Serve 1 cup (portion with 8 oz spoodle).',2),(24,'1. Make Pico de Gallo recipe in advance, refrigerate and set aside for step 18. See step 13.',3),(25,'2. Preheat oven:Conventional oven: 350 °F Convection oven: 325 °F',3),(26,'3. Combine beans, onions, garlic powder, pepper, seasonings, water, and tomato paste in a medium stock pot. Stir well. Simmer over medium heat uncovered for 15 minutes, stirring occasionally.',3),(27,'4. Set aside for step 18.',3),(28,'5. Critical Control Point: Heat to 140 °F or higher for 15 seconds.',3),(29,'6. Critical Control Point: Hold for hot service at 140 °F.',3),(30,'7. Boil water for step 9.',3),(31,'8. Place 3 lb 2 oz brown rice (2 qt) in each steam table pan (12” x 20” x 2½”). For 25 servings, use 1 pan. For 50 servings, use 2 pans.',3),(32,'9. Pour boiling water (1 gal) per steam table pan) over brown rice. Stir. Cover pans tightly.',3),(33,'10. Bake: Conventional oven: 350 °F for 40 minutes. Convection oven: 325 °F for 40 minutes.',3),(34,'11. Critical Control Point: Heat to 140 °F or higher for 15 seconds.',3),(35,'12. Remove rice from oven. Fold cilantro into rice. Set aside for step 18.',3),(36,'13. Pico de Gallo Directions: Combine all ingredients together in a large bowl. Stir well. Refrigerate until ready for service.',3),(37,'14. Critical Control Point: Cool to 40 °F or lower within 4 hours.',3),(38,'15. Critical Control Point: Hold at 40 °F or below.',3),(39,'16. Portion Pico with No. 16 scoop (¼ cup) at step 18.',3),(40,'17. Prepare for assembly. Place up to ten, 24 oz bowls on a sheet pan (24” x 12” x 2”) to assemble the burrito bowl. Set aside for step 17. For 25 servings, use 3 sheet pans.For 50 servings, use 6 sheet pans.',3),(41,'18. Assembly using 24 burrito bowls: First layer: Portion rice mixture with No. 8 scoop (1 cup). Second layer: Portion beans with a 6 oz spoodle (¾ cup). Third layer: Portion pico de gallo with No. 16 scoop (¼ cup).',3),(42,'19. Garnish each burrito bowl with 1 Tbsp of cheese.',3),(43,'20. Serve 1 - 24 oz burrito bowl.',3),(44,'1. Topping: Combine flour, oats, 2 cups sugar, 1 Tbsp cinnamon, 2 Tbsp nutmeg, and ¼ tsp salt in a large bowl. Stir well. Set remaining sugar, cinnamon, nutmeg and salt aside for step 3.',4),(45,'2. Add 1 cup (about 8 oz) margarine and ¼ cup of oil (2 oz). Using a fork or pastry blender, cut margarine into flour until mixture has a crumbly consistency. Set remaining margarine aside for step 3. Set topping aside for step 5. For 25 servings, 3 qt (3½ lb). For 50 servings, 1 gal 2 qt (7 lb).',4),(46,'3. Squash mixture: Combine remaining sugar, cinnamon, nutmeg, salt, and margarine. Add squash, half and half, allspice, vanilla extract, and eggs to dry mixture in a large bowl. Stir well',4),(47,'4. Pour 1 gal (about 8 lb) squash mixture into a steam table pan (12” x 20” x 2½”) lightly coated with pan release spray. For 25 servings, use 1 pan. For 50 servings, use 2 pans.',4),(48,'5. Sprinkle 3 qt (about 3½ lb) topping over each pan.',4),(49,'6. Bake until golden brown: Conventional oven: 375 °F for 35-40 minutes. Convection oven: 350 °F for 30-35 minutes.',4),(50,'7. Critical Control Point: Heat to 140 °F for at least 15 seconds. ',4),(51,'8. Allow to rest 30 minutes before serving.',4),(52,'9. Critical Control Point: Hold for hot service at 140 °F or higher.',4),(53,'10. Portion: Cut each pan 5 x 5 (25 pieces per pan).',4),(54,'11. Serve 1 piece (2” x 3¾” square).',4),(55,'1. Dressing: Combine yogurt, mayonnaise, salt, nutmeg, vinegar, and honey in a medium bowl. Stir well. Set aside for step 3. ',5),(56,'2. Combine carrots, pineapple tidbits, apples, and raisins in a large bowl. Toss lightly.',5),(57,'3. Pour 2 lb 8 oz (1 qt 1 cup) dressing over 6 lb 10 oz (1 gal 1 qt 1 cup) vegetable mixture. Stir well.',5),(58,'4. Transfer 9 lb (1 gal 1 qt) carrot-raisin salad to a steam table pan (12 x 20 x 2½). For 25 servings, use 1 pan For 50 servings, use 2 pans.',5),(59,'5. Garnish with coconut.',5),(60,'6. Critical Control Point: Cool to 40 °F or lower within 4 hours.',5),(61,'7. Critical Control Point: Hold at 40 °F or below.',5),(62,'8. Portion with a 6 oz spoodle (¾ cup).',5),(63,'1. Combine chicken, pepper, garlic powder, chili powder, cumin, oregano, and ancho chili powder in a large bowl. Stir well. Cover tightly. Allow chicken mixture to marinate for 12-24 hours.',6),(64,'2. Place marinated chicken in a large stock pot. Cook uncovered over medium-high heat for 2-3 minutes.',6),(65,'3. Critical Control Point: Heat to 165 °F or higher for at least 15 seconds.',6),(66,'4. Set aside for step 9.',6),(67,'5. Spray medium stock pot lightly with pan release spray and heat to medium high heat. Add peppers and onions. Sauté uncovered for 3 minutes. Remove from heat. Set aside for step 9.',6),(68,'6. Critical Control Point: Heat to 140 °F or higher for at least 15 seconds.',6),(69,'7. In a medium stock pot, add corn, tomatoes, salsa, sugar, oil, paprika, and lime juice. Simmer uncovered for 5 minutes over medium heat. Stir occasionally. Set aside for step 9.',6),(70,'8. Critical Control Point: Heat to 140 °F or higher for at least 15 seconds.',6),(71,'9. Combine chicken, peppers, onions, and corn mixture in a large bowl 1 qt 3 cups (3 lb 4 oz). Toss well.',6),(72,'10. Using a No. 16 scoop, portion ¼ cup (about 2¾ oz) chicken mixture on each tortilla. Spread filling on half of tortilla, and fold in the other half like a taco. Place 25 fajitas on each steam table pan (12” x 20” x 2½”). For 25 servings, use 2 pans. For 50 servings, use 4 pans.',6),(73,'11. Critical Control Point: Hold for hot service at 140 °F or higher.',6),(74,'12. Serve 2 fajitas.',6),(75,'1. Heat chicken broth to a rolling boil.',7),(76,'2. Slowly add pasta. Stir constantly until water boils again. Cook about 6 minutes or until al dente. Stir occasionally. DO NOT OVERCOOK OR DRAIN.',7),(77,'3. Add onions and carrots. Remove from heat. Set aside for step 7.',7),(78,'4. In a medium stockpot, melt margarine uncovered over medium heat.',7),(79,'5. Add flour. Stir well for 1 minute.',7),(80,'6. Add milk. Stir frequently until smooth and free of lumps. Bring to a boil. Remove from heat.',7),(81,'7. Add flour mixture, salt, pepper, marjoram, parsley, and chicken to pasta mixture. Heat uncovered over medium heat for 3 minutes. Stir until thickened.',7),(82,'8. Fold in spinach over medium heat for 3 minutes.',7),(83,'9. Critical Control Point: Heat to 165 °F or higher for at least 15 seconds.',7),(84,'10. Transfer to a steam table pan (12 x 20 x 2½). For 25 servings, use 1 pan.For 50 servings, use 2 pans.',7),(85,'11. Critical Control Point: Hold for hot service at 140 °F or higher.',7),(86,'12. Serve 1½ cups (portion with 8 oz spoodle and 4 oz spoodle).',7),(87,'1. Heat large non-stick skillet and spray with a pan release spray.',8),(88,'2. Add broccoli. Sauté over medium-high heat for 2-3 minutes.',8),(89,'3. Add squash. Sauté over medium-high heat for 3-4 minutes.',8),(90,'4. Fold in bell peppers. Sauté over medium-high heat for 2-3 minutes.',8),(91,'5. Add carrots, tofu, water, soy sauce, garlic powder, black or white pepper, ginger, and Asian spice. Simmer uncovered over medium-high heat for 2-3 minutes.',8),(92,'6. Critical Control Point: Heat to 140 °F or higher for at least 15 seconds.',8),(93,'7. See Stir Fry Sauce – USDA Recipe for CACFP for ingredients and directions.',8),(94,'8. Add stir fry sauce to vegetables and tofu in stock pot. Heat uncovered over low heat for 30 seconds, stirring constantly.',8),(95,'9. Pour about 10 lb (1 gal 1 qt) vegetable mixture into a steam table pan (12” x 20” x 4”). For 25 servings, use 1 pan.For 50 servings, use 2 pans',8),(96,'10. Critical Control Point: Hold for hot service at 140 °F or higher.',8),(97,'11. Serve 1 cup (portion with 8 oz spoodle).',8),(98,'1. Preheat Oven: Conventional oven: 350 °F. Convection oven: 325 °F.',9),(99,'2. Bring water (3 qt) to a boil in a large stock pot.',9),(100,'3. Add salt.',9),(101,'4. Place 3 lb 2 oz brown rice (2 qt) in each steam table pan (12” x 20” x 2½”). For 25 servings, use 1 pan. For 50 servings, use 2 pans.',9),(102,'5. Pour boiling water (3 qt per steam table pan) over brown rice. Stir. Cover pans tightly.',9),(103,'6. Bake: Conventional oven: 350 °F for 40 minutes. Convection oven: 325 °F for 40 minutes.',9),(104,'7. Remove cooked rice from oven and let stand covered for 5 minutes. Stir rice.',9),(105,'8. Critical Control Point: Heat to 140 °F or higher for at least 15 seconds.',9),(106,'9. Critical Control Point: Hold for hot service at 140 °F or higher.',9),(107,'10. Set aside for step 20.',9),(108,'11. Heat oil in a medium stock pot uncovered over medium high heat.',9),(109,'12. Add onions and bell peppers. Cook for 2-3 minutes or until onions become translucent, stirring occasionally.',9),(110,'13. Add garlic, cumin, vegetable base, and beans. Stir constantly for 1-2 minutes.',9),(111,'14. Add water and salt.',9),(112,'15. Bring to a boil. Reduce heat to medium. Simmer for 5-10 minutes.',9),(113,'16. Add cilantro. Stir well.',9),(114,'17. Critical Control Point: Heat to 140 °F or higher for at least 15 seconds.',9),(115,'18. Critical Control Point: Hold for hot service at 140 °F or higher.',9),(116,'19. Pour about 10 lb (1 gal 2 cups) black bean mixture into a steam table pan (12” x 20” x 2½”). For 25 servings, use 1 pan. For 50 servings, use 2 pans.',9),(117,'20. Serve 1 cup (portion rice with 8 oz spoodle).',9),(118,'21. Serve 1 cup (portion black beans with 8 oz spoodle) on top of rice.',9),(119,'22. Garnish with onions.',9),(120,'1. Shred turkey meat into small pieces.',10),(121,'2. In a large stock pot, add turkey, water, potatoes, margarine, onions, garlic, thyme, pepper, and onion powder. Cook uncovered over medium heat for 16 minutes. Stir well. About half of water (about 1 qt 2 cups) will remain in the pot while the rest will cook away.',10),(122,'3. Add green beans. Cook uncovered over medium heat for 10-15 minutes. DO NOT OVERCOOK. Green beans should be bright green.',10),(123,'4. Drain excess liquid (up to 1 qt 2 cups per batch of 25).',10),(124,'5. Critical Control Point: Heat to 165 °F or higher for at least 15 seconds.',10),(125,'6. Pour 9 lb 2 oz (1 gal 2 cups) green bean, potato, and turkey mixture into a large steam table pan (12” x 20” x 2½”). For 25 servings use 1 pan. For 50 servings use 2 pans.',10),(126,'7. Critical Control Point: Hold for hot service at 140 °F or higher.',10),(127,'8. Serve ¾ cup (portion with 6 oz slotted spoodle).',10),(128,'1. Preheat oven: Conventional oven: 350 °F. Convection oven: 350 °F.',11),(129,'2. Place ground turkey and ground beef in a large stock pot. Heat over high heat uncovered for 5-8 minutes. Stir often until meat is well done.',11),(130,'3. Critical Control Point: Heat to 165 °F or higher for at least 15 seconds.',11),(131,'4. Remove meat from heat. Drain beef and turkey in a colander. Set aside 2 lbs 8 oz (1 qt 2 cups) for step 10.',11),(132,'5. Critical Control Point: Hold for hot service at 140 °F or higher.',11),(133,'6. Heat oil in a large stock pot.',11),(134,'7. Place cilantro (¾ cup), onions, peppers, and garlic in stock pot. Stir frequently over medium high heat for 3-4 minutes.',11),(135,'8. Set onion mixture aside for step 10.',11),(136,'9. Set remaining cilantro aside for step 20.',11),(137,'10. Return meat to heat. Add onion mixture. Simmer uncovered over medium heat for 2 minutes.',11),(138,'11. Add celery, corn, salt, pepper, and spices. Continue cooking one additional minute, stirring constantly.',11),(139,'12. Add water, beef base, tomato paste, and diced tomatoes. Bring to a boil. Reduce heat to low and stir occasionally. Set aside for step 14.',11),(140,'13. Place 2 qt 1 cup brown rice (3 lb 8 oz) in each steam table pan (12 x 20 x 4). For 25 servings, use 1 pan. For 50 servings, use 2 pans.',11),(141,'14. Pour 1 gal 2 cups (about 10 lb) meat mixture over each pan of rice. Spread evenly. Meat mixture will be slightly thick.',11),(142,'15. Add water, stir slowly and mix well. Cover pans tightly.',11),(143,'16. Bake: Conventional oven: 350 °F for 1 hour 10 minutes. Convection oven: 350 °F for 1 hour.',11),(144,'17. Critical Control Point: Heat to 165 °F or higher for at least 15 seconds.',11),(145,'18. Remove from oven. Squeeze ¾ cup lime juice over each pan. Stir well.',11),(146,'19. Critical Control Point: Hold for hot service at 140 °F or higher.',11),(147,'20. Garnish with remaining cilantro.',11),(148,'21. Serve 2 cups (portion with 2 -8 oz spoodles).',11),(149,'1. Preheat oven: Conventional oven: 400 °F. Convection oven: 375 °F.',12),(150,'2. Combine chicken thighs, honey, lime juice, salt, pepper, and lime zest in a large bowl. Stir well. Allow flavors to blend for 15-20 minutes.',12),(151,'3. Set aside for step 3.',12),(152,'4. Place about 9 lb seasoned chicken thighs on a sheet pan (18” x 26” x 1”) lightly coated with pan release spray and lined with parchment paper. For 25 servings, use 1 pan. For 50 servings, use 2 pans.',12),(153,'5. Bake: Conventional oven: 400 °F for 30-35 minutes. Convection oven: 375 °F for 30-35 minutes.',12),(154,'6. Critical Control Point: Heat to 165 °F or higher for at least 15 seconds..',12),(155,'7. Once chicken thighs are removed from oven, cut into ¼” cubes.',12),(156,'8. Transfer about 5 lb 12 oz honey lime chicken to a steam table pan (12” x 20” x 2½”). For 25 servings, use 1 pan.For 50 servings, use 2 pans.',12),(157,'9. Critical Control Point: Hold for hot service at 140 °F or higher.',12),(158,'10. Serve ½ cup (4 oz spoodle).',12),(159,'1. Preheat oven to bake: Conventional oven: 350 °F Convection oven: 325 °F',13),(160,'2. Place 1 lb 15 oz (1 qt 1 cup) brown rice in each steam table pan (12” x 20” x 4”). Set aside for step 8. For 25 servings, use 1 pan. For 50 servings, use 2 pans.',13),(161,'3. Heat oil in a medium stock pot uncovered over medium high heat.',13),(162,'4. Add onions, bell peppers, and celery. Cook for 2-3 minutes or until onions become translucent, stirring occasionally.',13),(163,'5. Add garlic, salt-free seasoning, vegetable base, bay leaves, and peas. Stir constantly for 1-2 minutes.',13),(164,'6. Add water and salt.',13),(165,'7. Bring to a boil.',13),(166,'8. Pour about 16 lb 12 oz (about 1 gal 3 qt 1 cup) black eyed pea mixture over each pan of rice. Stir well. Cover pans tightly. ',13),(167,'9. Bake: Conventional oven: 375 °F for 30-45 minutes. Convection oven: 350 °F for 30-45 minutes.',13),(168,'10. Critical Control Point: Heat to 140 °F or higher.',13),(169,'11. Critical Control Point: Hold for hot service at 140 °F or higher.',13),(170,'12. Serve 1½ cups (4 oz spoodle).',13),(171,'1. Preheat oven: Conventional oven: 350 °F Convection oven: 350 °F',14),(172,'2. Combine jerk seasoning spice, garlic powder, coriander, paprika, red pepper flakes, and salt in a large bowl. Stir well. Set aside for step 4.',14),(173,'3. Place 25 tilapia portions on a sheet pan (18” x 26” x 1”) lined with parchment paper lightly coated with pan release spray. For 25 servings, use 1 pan. For 50 servings, use 2 pans.',14),(174,'4. Sprinkle spices evenly over each piece of tilapia on the pan.',14),(175,'5. Bake: Conventional oven: 350 °F for 8-10 minutes. Convection oven: 350 °F for 5-8 minutes.',14),(176,'6. Critical Control Point: Heat to 155 °F for at least 15 seconds.',14),(177,'7. Critical Control Point: Hold for hot service at 140 °F or higher.',14),(178,'8. Set aside for step 13.',14),(179,'9. Combine mangoes, pineapple, tomatoes, cilantro, jalapeños, lime juice, and sugar in a large bowl. Stir well. Pour about 1 gal 2 cups (6lbs 14oz) into a deep steam table pan (12¾ x 10½ x 6). (Can prep ahead of time.) For 25 servings, use 1 pan. For 50 servings, use 2 pans. Refrigerate and set aside for step 14.',14),(180,'10. Critical Control Point: Cool to 40 °F or lower within 4 hours.',14),(181,'11. To prevent tortillas from tearing when folding, steam for 3 minutes until warm. OR Place tortillas on a sheet pan lined with parchment paper. Shingle tortillas into two rows and cover with parchment paper. Place in a warmer at 135 °F for 10 minutes.',14),(182,'12. Place about 1 oz (1 cup) spinach on to the center of each tortilla.',14),(183,'13. Place 1½ oz tilapia on top of spinach.',14),(184,'14. Using a No. 8 scoop, portion about 4 oz (½ cup) fruit mixture on top of tilapia portion.',14),(185,'15. Fold the bottom of the tortilla up and over the filling.',14),(186,'16. Fold in the outside edges so they nearly touch each other.',14),(187,'17. As you roll the burrito forward, use the tips of your fingers to tuck and press the sides into a tight cylinder.',14),(188,'18. Place 25 wraps seam side down on a sheet pan (18” x 26” x 1”). For 25 servings, use 1 pan. For 50 servings, use 2 pans.',14),(189,'19. Critical Control Point: Hold for hot service at 140 °F or higher.',14),(190,'20. Cut each wrap on a diagonal.',14),(191,'21. Serve 1 wrap.',14),(192,'1. Preheat oven: Conventional oven: 350 °F. Convection oven: 325 °F.',15),(193,'2. Heat water to a rolling boil.',15),(194,'3. Add cauliflower. Cook uncovered for 2-3 minutes until tender. Place cauliflower in a food processor. Puree on high speed for 30 seconds to 1 minute until cauliflower has a smooth consistency. DO NOT OVERMIX. Set aside for step 8.',15),(195,'4. Heat water to a rolling boil.',15),(196,'5. Slowly add macaroni. Stir constantly until water boils again. Cook about 8-10 minutes or until al dente. Stir occasionally. DO NOT OVERCOOK. Drain well. Set aside for step 9.',15),(197,'6. Heat oil in skillet.',15),(198,'7. To make a roux, add flour and brown lightly for 2 minutes. Stir constantly.',15),(199,'8. Slowly add milk and water whisk until smooth.',15),(200,'9. Combine macaroni 7 lb 6 oz (2 gal) with cauliflower puree, onion, milk, cheese, egg whites, sour cream, pepper, garlic powder, onion flakes, salt, and lemon pepper in a large bowl.',15),(201,'10. Add 1 qt 2 cups (4 lb) roux and toss well.',15),(202,'11. Lightly coat a steam table pan (12” x 20” x 2½”) with pan release spray. Pour about 16½ lb (1 gal 3½ qt) macaroni and cheese mixture into steam table pan. For 25 servings, use 1 pan. For 50 servings, use 2 pans.',15),(203,'12. Bake until firm: Conventional oven: 350 °F for 40-45 minutes. Convection oven: 325 °F for 30-40 minutes.',15),(204,'13. Critical Control Point: Heat to 165 °F or higher for at least 15 seconds.',15),(205,'14. Critical Control Point: Hold for hot service at 140 °F or higher.',15),(206,'15. Portion: Cut each pan 5 x 5 (25 pieces per pan).',15),(207,'16. Serve 1 piece (2” x 3¾” square)..',15),(208,'1. Heat water to a rolling boil.',16),(209,'2. Slowly add macaroni. Stir constantly until water boils again. Cook about 10-12 minutes or until al dente. Whole-grain elbow Stir occasionally. DO NOT OVERCOOK. Drain well. Set aside for step 4.',16),(210,'3. Dressing: Combine mayonnaise, vinegar, sugar, and mustard in a small bowl. Stir well.Set aside for step 5.',16),(211,'4. Combine macaroni, bell peppers, pimientos, carrots, celery, onions, salt, and pepper in a large bowl. Stir well.',16),(212,'5. Pour the prepared dressing 1 lb 6 oz (2⅛ cups) over about 12 lb 2 oz (1½ gal) vegetable and pasta mixture. Stir well.',16),(213,'6. Transfer about 12 lb 2 oz (1½ gal) macaroni salad to a steam table pan (12” x 20” x 2½”). For 25 servings, use 1 pan. For 50 servings, use 2 pans.',16),(214,'7. Critical Control Point: Cool to 40 °F or lower within 4 hours.',16),(215,'8. Critical Control Point: Hold at 40 °F or below.',16),(216,'9. Garnish with paprika.',16),(217,'10. Serve 1 cup (portion with 8 oz spoodle).',16),(218,'1. Dressing: Combine lime juice, parsley, cumin, garlic, ancho chili powder, cilantro, olive oil, honey, and apple cider vinegar. Stir well. Set aside for step 3',17),(219,'2. Vegetable: Combine black beans, corn, green peppers, red peppers, salsa, onions, and jalapeños in a large bowl. Stir well.',17),(220,'3. Pour 1 lb 2½ oz (2¼ cup) dressing over 7 lb 13 oz (1 gal 2 qt) vegetables. Stir well.',17),(221,'4. Transfer 9 lb 11 oz (1 gal 2 qt) bean salad to a steam table pan (12” x 20” x 2½”). For 25 servings, use 1 pan. For 50 servings, use 2 pans.',17),(222,'5. Sprinkle 8 oz (2 cup) cheese over each pan.',17),(223,'6. Critical Control Point: Cool to 40 °F or lower within 4 hours.',17),(224,'7. Critical Control Point: Hold at 40 °F or below.',17),(225,'8. Serve ¾ cup (portion with 6 oz slotted spoodle).',17),(226,'1. Preheat oven: Conventional oven: 375 °F. Convection oven: 325 °F.',18),(227,'2. Pour eggs into a commercial mixer. Using a wire whip attachment, mix on low speed for 2 minutes. DO NOT OVERMIX.',18),(228,'3. Add milk, flour, baking powder, salt, pepper, and nutmeg. Mix for 4 minutes on low speed.',18),(229,'4. Combine peppers, onions, spinach, and egg mixture in a large bowl. Stir well.',18),(230,'5. Pour 1 gal 3 qt (about 12 lb) egg and vegetable mixture into a steam table pan (12” x 20” x 2½”) lightly coated with pan release spray. For 25 servings, use 1 pan. For 50 servings, use 2 pans.',18),(231,'6. Sprinkle 1 qt (about 13 oz) cheese over each pan.',18),(232,'7. Bake: Conventional oven: 375 °F for 50-60 minutes. Convection oven: 325 °F for 25-35 minutes.',18),(233,'8. Critical Control Point: Heat to 165 °F or higher for at least 15 seconds.',18),(234,'9. Critical Control Point: Hold for hot service at 140 °F or higher.',18),(235,'10. Portion: Cut each pan 5 x 5 (25 pieces per pan).',18),(236,'11. Serve 1 piece (2” x 3¾” square).',18),(237,'1. Preheat oven: Conventional oven: 350 °F. Convection oven: 325 °F.',19),(238,'2. Boil broth in a large stock pot.',19),(239,'3. Place 2 qt 2 cups brown rice (3 lb 2 oz) in each steam table pan (12” x 20” x 4”). For 25 servings, use 1 pan. For 50 servings, use 2 pans.',19),(240,'4. Pour boiling broth (2 qt 2 cups per steam table pan) over brown rice. Stir. Cover pans tightly.',19),(241,'5. Bake: Conventional oven: 350 °F for 40 minutes. Convection oven: 325 °F for 40 minutes.',19),(242,'6. Critical Control Point: Heat to 140 °F or higher for at least 15 seconds.',19),(243,'7. Remove cooked rice from oven. Set aside for step 13.',19),(244,'8. Mushroom sauce: In a large stock pot, add margarine, onions, mushrooms, minced garlic, salt, pepper, and onion powder. Stir constantly until mushrooms are soft over medium-high heat for 3 minutes.',19),(245,'9. Sprinkle flour over mushroom mixture. Stir well. After one minute, turn heat down to down to medium.',19),(246,'10. Add milk, stirring constantly for 2 minutes. Sauce will become creamy and thick in texture. Set aside for step 14.',19),(247,'11. Lightly coat a steam table pan (12” x 20” x 4”) with pan release spray. For 25 servings, use 1 pan. For 50 servings, use 2 pans.',19),(248,'12. Assemble as follows:',19),(249,'13. First layer: Place 1 gal ½ qt cooked rice (6 lb 11 oz) in each steam table pan.',19),(250,'14. Second layer: Pour 1 qt 3 cups (about 3 lb 12 oz) mushroom sauce over rice in each steam table pan.',19),(251,'15. Third layer: Spread 3 qt 2 cups (about 1 lb) kale evenly on top of mushroom sauce in each steam table pan.',19),(252,'16. Fourth layer: Sprinkle 1 qt (about 1 lb) cheddar cheese evenly over rice mixture.',19),(253,'17. Fifth layer: Sprinkle 2¾ cups (about 9 oz) mozzarella cheese evenly over rice mixture in each steam table pan. Cover pans tightly.',19),(254,'18. Bake: Conventional oven: 350 °F for 15-20 minutes. Convection oven: 325 °F for 5-10 minutes.',19),(255,'19. Portion: Cut each pan 5 x 5 (25 pieces per pan).',19),(256,'20. Serve 1 piece (2” x 3¾” square).',19),(257,'1. Place potatoes in a large bowl. Sprinkle over potatoes ¼ cup oil, garlic, ¾ tsp salt and pepper. Stir well. Set remaining oil aside for step 7. Set remaining salt aside for step 9.',20),(258,'2. Place 3 qts (about 3 lb 12 oz) seasoned potatoes in a steam table pan (18” x 26” x 1”) lightly coated with pan release spray. Spread evenly. For 25 servings, use 1 pan. For 50 servings, use 2 pans.',20),(259,'3. Bake: Conventional oven: 375 °F for 15-20 minutes. Convection oven: 350 °F for 10-15 minutes.',20),(260,'4. Critical Control Point: Heat to 140 °F or higher.',20),(261,'5. Critical Control Point: Hold for hot service at 140 °F or higher.',20),(262,'6. Set aside for step 11.',20),(263,'7. Heat remaining oil in a medium stock pot.',20),(264,'8. Add turkey. Cook uncovered over medium-high heat for 2-3 minutes, stirring occasionally.',20),(265,'9. Add remaining ¾ tsp salt, peppers, cayenne pepper, sage, red pepper flakes, coriander, garlic powder, onion powder, and apple sauce. Cook uncovered over medium-high heat for 3-5 minutes, stirring occasionally. Set aside for step 11.',20),(266,'10. Critical Control Point: Heat to 165 °F or higher for at least 15 seconds.',20),(267,'11. Pour 2 qt 2½ cups (about 4 lb 14 oz) turkey mixture over seasoned potatoes in steam table pan. Stir well. For 25 servings, use 1 pan. For 50 servings, use 2 pans.',20),(268,'12. Critical Control Point: Hold for hot service at 140 °F or higher.',20),(269,'13. Portion with 8 oz spoodle (1 cup).',20),(270,'1. Preheat oven: Conventional oven: 350 °F Convection oven: 325 °F',21),(271,'2. Heat a large stock pot over medium high heat and spray with a pan release spray.',21),(272,'3. Add beef shoulder. Sear each side uncovered over medium-high heat for 2 minutes. Remove beef from heat. Set aside for step 4. DO NOT allow meat to sit longer than 5 minutes.',21),(273,'4. In the same stock pot, add onions, bell peppers, and garlic. Cook uncovered over medium-high heat for 2-3 minutes or until onions are translucent.',21),(274,'5. Add seared beef, salt, oregano, cumin, rosemary, black pepper, vinegar, beef broth, tomato paste, water, and bay leaves.',21),(275,'6. Bring to a boil. Reduce heat to medium-low. Cover and cook for 3½–4 hours. Stir every hour to prevent sticking. Add additional water if needed to prevent from sticking.',21),(276,'7. Critical Control Point: Heat to 165 °F or higher for at least 15 seconds.',21),(277,'8. Once beef is fork tender, remove from heat. Use a fork to shred meat. Return shredded beef back to pot.',21),(278,'9. Add cilantro and stir well.',21),(279,'10. Pour about 10 lb 13 oz (1 gal 1 qt) shredded beef mixture into a steam table pan (12” x 20” x 2½”). For 25 servings, use 1 pan. For 50 servings, use 2 pans. Set aside for step 20.',21),(280,'11. Critical Control Point: Hold for hot service at 140 °F or higher.',21),(281,'12. Boil (3 qt 2 cup per steam table pan) water for the preparation of rice in step 14.',21),(282,'13. Place 3 lb 2 oz brown rice (2 qt) in each steam table pan (12” x 20” x 2½”). For 25 servings, use 1 pan. For 50 servings, use 2 pans.',21),(283,'14. Pour boiling water (3 qt 2 cup per steam table pan) over brown rice. Stir. Cover pans tightly.',21),(284,'15. Bake: Conventional oven: 350 °F for 40 minutes. Convection oven: 325 °F for 45 minutes.',21),(285,'16. Critical Control Point: Heat to 140 °F or higher for 15 seconds.',21),(286,'17. Remove rice from oven. Stir and fluff. Set aside for step 19.',21),(287,'18. Critical Control Point: Hold for hot service at 140 °F or higher.',21),(288,'19. Serve 1 cup rice (portion with an 8 oz spoodle). ',21),(289,'20. Serve 1 cup shredded beef mixture (portion with an 8 oz spoodle) on top of rice.',21),(290,'1. Rinse quinoa in a fine mesh strainer until water runs clear, not cloudy.',22),(291,'2. Combine quinoa and water in a large covered stock pot.',22),(292,'3. Bring to a boil. Reduce heat to low. Simmer uncovered for 10-15 minutes until water is completely absorbed. Note: When done, quinoa will be soft, and a white ring will pop out of the kernel. The white ring will only appear when it is fully cooked. Fluff.',22),(293,'4. Critical Control Point: Heat to 140 °F or higher for at least 15 seconds.',22),(294,'5. Pour 1 gal 1qt (about 7 lb 8 oz) quinoa into a steam table pan (12” x 20” x 2½”). For 25 servings, use 1 pan. For 50 servings, use 2 pans.',22),(295,'6. SCritical Control Point: Hold for hot service at 140 °F or higher.',22),(296,'7. Set aside for step 12.',22),(297,'8. Press firm tofu for at least 30 minutes, drain and cut into small cubes.',22),(298,'9. Preheat oil in a large stockpot, add cubed tofu. Heat uncovered over medium heat for 3 minutes, stirring occasionally.',22),(299,'10. Add garlic, cumin, red pepper flakes, salt, pepper, curry powder, turmeric, bell peppers, onions,and spinach. Heat uncovered over medium heat for 1-2 minutes, stirring constantly.',22),(300,'11. Critical Control Point: Heat to 140 °F or higher for at least 15 seconds.',22),(301,'12. Pour 1 gal 1½ qt (11 lb 9 oz) tofu vegetable mixture over cooked quinoa. Stir well. For 25 servings, use 1 pan. For 50 servings, use 2 pans.',22),(302,'13. Critical Control Point: Hold for hot service at 140 °F or higher.',22),(303,'14. Serve 2 cups (portion with 8 oz spoodle twice).',22),(304,'1. Bring milk and water to a boil.',23),(305,'2. Add margarine, agave, vanilla, cinnamon, nutmeg, and salt, stirring constantly.',23),(306,'3. Add oats. Reduce heat to medium. Stir constantly for 5-8 minutes until oatmeal slightly thickens.',23),(307,'4. Critical Control Point: Heat to 140 °F or higher for at least 15 seconds.',23),(308,'5. Reduce heat to low to prevent burning.',23),(309,'6. Pour about 10 lb 2 oz (1 gal) oatmeal into a steam table pan (12” x 20” x 2½”). For 25 servings, use 1 pan. Serve immediately. For 50 servings, use 2 pans. Serve immediately.',23),(310,'7. Critical Control Point: Hold for hot service at 140 °F or higher.',23),(311,'8. Serve 1 cup (portion with 8 oz spoodle).',23),(312,'1. Place yogurt in a large mixing bowl. Place bowl of yogurt in refrigerator, setting aside for step 4.',24),(313,'2. Pour strawberries into a high-speed blender.',24),(314,'3. Puree strawberries on medium speed until strawberries have a smooth consistency. DO NOT OVERMIX. For 25 servings, puree for 1-2 minutes.For 50 servings, puree for 2-3 minutes.',24),(315,'4. Pour 7 lb (3 qt) strawberry puree over yogurt. Stir well.',24),(316,'5. Add agave syrup and vanilla extract. Stir well.',24),(317,'6. Pour about 10½ lb (1 gal 1 qt) smoothie mixture into a deep half steam table pan (12¾” x 10½” x 6”). For 25 servings, use 1 pan. For 50 servings, use 2 pans.',24),(318,'7. Critical Control Point: Cool to 40 °F or lower within 4 hours.',24),(319,'8. Place 8 oz serving bowls on a sheet pan (18” x 26” x 1”). For 25 servings, use 2 pans (13 bowls on 1 pan and 12 bowls on 1 pan). For 50 servings, use 4 pans (13 bowls on 3 pans and 11 bowls on 1 pan).',24),(320,'9. Using a 6 oz spoodle, portion about 6½ oz strawberry smoothie into each bowl.',24),(321,'10. Critical Control Point: Hold at 40 °F or below..',24),(322,'11. Serve 1 smoothie bowl (portion with 6 oz spoodle).',24),(323,'1. Rinse quinoa in a fine mesh strainer until water runs clear, not cloudy.',25),(324,'2. Combine quinoa, bulgur wheat, water, and salt in a large covered stock pot.',25),(325,'3. Bring to a boil. Reduce heat to low. Simmer uncovered for 10-15 minutes until water is completely absorbed. Note: When done, quinoa will be soft, and a white ring will pop out of the kernel. The white ring will only appear when it is fully cooked. Fluff.',25),(326,'4. Refrigerate and set aside for step 7.',25),(327,'5. Critical Control Point: Cool to 40 °F or lower within 4 hours.',25),(328,'6. Combine tomatoes, cucumbers, parsley, onions, bell peppers, mint, and cumin in a large bowl. Toss well. For 25 servings, about 4 lb 13 oz (3 qt 3 cups) For 50 servings, about 9 lb 10 oz (1 gal 3 qt 2 cups)',25),(329,'7. Add cooled quinoa and bulgur wheat. For 25 servings about 7 lb 9 oz (1 gal) For 50 servings, about 15 lb 2 oz (2 gal)',25),(330,'8. Add lemon juice and olive oil. Stir well.',25),(331,'9. Transfer 13 lb 2 oz (1 gal 3 qt) Tabbouleh to a steam table pan (12 x 20 x 4). For 25 servings, use 1 pan. For 50 servings, use 2 pans.',25),(332,'10. Critical Control Point: Cool to 40 °F or lower within 4 hours.',25),(333,'11. Critical Control Point: Hold at 40 °F or below.',25),(334,'12. Serve 1 cup. (Portion with 8 oz spoodle).',25),(335,'1. Drain and flake tuna.',26),(336,'2. Combine tuna, onions, celery, dry mustard, eggs, mayonnaise, parsley, garlic powder, and onion powder in a large bowl. Stir well. Set aside for step 7.',26),(337,'3. Critical Control Point: Cool to 40 °F or lower within 4 hours.',26),(338,'4. Critical Control Point: Hold at 40 °F or below.',26),(339,'5. Cut rolls open and place on plate. Place a lettuce leaf (about 3” x 3”) on the bottom half of each roll.',26),(340,'6. Place a tomato slice (about ¼” slice) on top of the lettuce.',26),(341,'7. Using a No. 16 scoop, portion ¼ cup (about 1.5 oz each) tuna top of each tomato. Cover with top of roll. (The tuna salad can also be served over lettuce and tomato with a roll on the side, if desired).',26),(342,'8. Serve two sandwiches per person.',26),(343,'1. Preheat oven: Conventional oven: 350 °F. Convection oven: 350 °F.',27),(344,'2. Prepare cornbread. See Cornbread - USDA Recipe for CACFP for ingredients and directions.',27),(345,'3. After cornbread cools, crumble into a large mixing bowl. Set aside for step 8.',27),(346,'4. In a medium stock pot, add margarine, celery, onions, and bell peppers. Sauté uncovered for 2-3 minutes over high heat, stirring constantly.',27),(347,'5. Turn heat down to medium. Add flour, stirring constantly. Onion mixture will have a pasty consistency.',27),(348,'6. Add milk and chicken broth. Continue stirring to avoid lumps.',27),(349,'7. Add poultry seasoning, pepper, garlic, and sage. Simmer uncovered for 2-3 minutes.',27),(350,'8. Combine crumbled cornbread, chicken broth mixture, and turkey in a large mixing bowl. Stir well.',27),(351,'9. Spread 1 gal 2 qt (about 11 lb 8 oz) cornbread and turkey mixture evenly into a steam table pan (12” x 20” x 2½”) lightly coated with pan release spray. For 25 servings, use 1 pan. For 50 servings, use 2 pans.',27),(352,'10. Bake: Conventional oven: 350 °F for 30-40 minutes. Convection oven: 300 °F for 20-30 minutes.',27),(353,'11. Critical Control Point: Heat to 165 °F or higher for at least 15 seconds.',27),(354,'12. Critical Control Point: Hold for hot service at 140 °F or higher.',27),(355,'13. Portion: Cut each pan 5 x 5 (2” x 3¾” square pieces per pan).',27),(356,'14. Serve 1 piece (2” x 3¾” square).',27),(357,'1. Preheat oven: Conventional oven: 400 °F. Convection oven: 350 °F.',28),(358,'2. Melt margarine in a medium stock pot.',28),(359,'3. Add garlic, basil, and oregano. Stir well. Set aside for step 12.',28),(360,'4. Place bread slices on a sheet pan (18” x 26” x 1”). To prevent sticking, spray evenly with flavored pan release spray. For 25 servings, use 2 pans (20 slices on 1 pan and 5 slices on 1 pan). For 50 servings, use 3 pans (20 slices on 2 pans and 10 slices on 1 pan). Set aside for Step 8. Save remaining bread for Step 11.',28),(361,'5. Spray chopped spinach lightly with olive oil pan release spray.',28),(362,'6. Place spinach in a shallow steam table pan and place in hot oven for 3 minutes to allow spinach to wilt.',28),(363,'7. Remove from oven and separate spinach into 25 (½ cup) servings. Set aside for Step 9.',28),(364,'8. Place 2 slices of cheese (about 2 oz) on top of each slice of bread.',28),(365,'9. Place ½ cup (about 1¼ oz) wilted spinach on top of cheese.',28),(366,'10. ace tomato slice (about 1.6 oz) on top of spinach.',28),(367,'11. Place 1 slice of bread on top of each sandwich.',28),(368,'12. Brush the top of each sandwich with margarine mixture.',28),(369,'13. Bake until lightly browned: Conventional oven: 400 °F for 15-20 minutes. Convection oven: 350 °F for 10-15 minutes.',28),(370,'14. Critical Control Point: Heat to 140 °F or higher for at least 15 seconds.',28),(371,'15. Critical Control Point: Hold for hot service at 140 °F or higher.',28),(372,'16. Serve 1 sandwich.',28),(373,'1. Heat oil in a large stock pot uncovered over medium-high heat.',29),(374,'2. Add onions, bell peppers, and jalapeños. Sauté uncovered for 5 minutes or until tender. Stir well.',29),(375,'3. Add chili powder, cumin, garlic powder, ancho chili powder, onion powder, hot sauce (optional), brown sugar, and tomatoes. Simmer uncovered for 15 minutes over low-medium heat. Stir well.',29),(376,'4. Add kidney beans, bulgur wheat, vegetable broth, and water. Simmer uncovered for 15 minutes over low-medium heat. Stir well.',29),(377,'5. Critical Control Point: Heat to 140 °F or higher for at least 15 seconds.',29),(378,'6. Pour 13 lb 15 oz (1 gal 2 qt 2 cup) vegetable chili into a steam table pan, (12” x 20” x 4”). For 25 servings, use 1 pan. For 50 servings, use 2 pans.',29),(379,'7. Critical Control Point: Hold for hot service at 140 °F.',29),(380,'8. Using a No. 40 scoop, portion 1 Tbsp ⅓ tsp (about ¾ oz) sour cream into individual soufflé cups. Serve with chili.',29),(381,'9. Serve 1 cup (portion with 8 oz spoodle).',29),(382,'1. Preheat oven:Conventional oven: 350 °F. Convection oven: 325 °F.',30),(383,'2. In a large stock pot, add mushrooms, onions, bell peppers, salt, and pepper. Stir well. Saute uncovered over medium–high heat for 2 minutes.',30),(384,'3. Add spinach. Cook uncovered over medium heat for 1–2 minutes until wilted.',30),(385,'4. Pour 2 qt (about 3 lb 10 oz vegetable mixture into a steam table pan (12” x 20” x 2½”). For 25 servings, use 1 pan. For 50 servings, use 2 pans.',30),(386,'5. Cover and refrigerate at 40 °F for 30 minutes.',30),(387,'6. After cooled, drain excess liquid from spinach using a strainer if needed. Place spinach mixture in a bowl and sprinkle 2 cups (about 8 oz) cheese over spinach. Stir well.',30),(388,'7. Lightly coat muffin pan (20½” x 14”) with pan release spray. Using a ¼ cup measuring cup portion (about 2 oz) vegetable mixture into each muffin cup (25 muffins). Set aside for step 9. For 25 servings, use 2 muffin pans. For 50 servings, use 3 muffin pans.',30),(389,'8. Combine milk, eggs, and flour in a large bowl. Stir well.',30),(390,'9. Using a ¼ measuring cup portion ¼ cup (about 2 oz) egg mixture on top of vegetable mixture in each muffin cup.',30),(391,'10. Bake until golden brown and eggs are slightly firm: Conventional oven: 350 °F for 30 minutes. Convection oven: 350 °F for 20 minutes.',30),(392,'11. Critical Control Point: Heat to 165 °F or higher for at least 15 seconds.',30),(393,'12. Critical Control Point: Hold for hot service at 140 °F or higher.',30),(394,'13. Serve 1 frittata muffin.',30);
/*!40000 ALTER TABLE `instruction` ENABLE KEYS */;
UNLOCK TABLES;

--
-- Table structure for table `marketing_guide`
--

DROP TABLE IF EXISTS `marketing_guide`;
/*!40101 SET @saved_cs_client     = @@character_set_client */;
/*!50503 SET character_set_client = utf8mb4 */;
CREATE TABLE `marketing_guide` (
  `id` bigint NOT NULL AUTO_INCREMENT,
  `food_purchased_for` varchar(255) DEFAULT NULL,
  `serving25` varchar(255) DEFAULT NULL,
  `serving50` varchar(255) DEFAULT NULL,
  `recipe_id` int DEFAULT NULL,
  PRIMARY KEY (`id`),
  KEY `FK8jf6phyb5sgl8xt3psfi7m4ln` (`recipe_id`),
  CONSTRAINT `FK8jf6phyb5sgl8xt3psfi7m4ln` FOREIGN KEY (`recipe_id`) REFERENCES `recipe` (`id`)
) ENGINE=InnoDB AUTO_INCREMENT=91 DEFAULT CHARSET=utf8mb4 COLLATE=utf8mb4_0900_ai_ci;
/*!40101 SET character_set_client = @saved_cs_client */;

--
-- Dumping data for table `marketing_guide`
--

LOCK TABLES `marketing_guide` WRITE;
/*!40000 ALTER TABLE `marketing_guide` DISABLE KEYS */;
INSERT INTO `marketing_guide` VALUES (1,'Fresh tomatoes','2 lb 11 oz','5 lb 6 oz ',1),(2,'Fresh romaine lettuce','1 lb 4 oz','2 lb 8 oz',1),(3,'Fresh green onions','5 oz','10 oz',1),(4,'Fresh red bell peppers','11 oz','1 lb 6 oz',1),(5,'Fresh green onions','1 lb 6 oz','2 lb 12 oz',2),(6,'Fresh red onions','1 lb 2 oz','2 lb 4 oz',2),(7,'Fresh celery','1 lb 3 oz','2 lb 6 oz',2),(8,'Fresh iceberg lettuce','8 oz','1 lb',2),(9,'Fresh tomatoes','1 lb 12 oz','3 lb 8 oz',2),(10,'Fresh onions','14 oz','1 lb 12 oz',3),(11,'Fresh cilantro','2 oz','4 oz',3),(12,'Fresh tomatoes','2 lb 14 oz','5 lb 12 oz',3),(13,'Fresh red onions','3 oz','6 oz',3),(14,'Fresh jalapeño pepper','3 oz','6 oz',3),(15,'Fresh green onions','3 oz','6 oz',3),(16,'Butternut squash','6 lb 13½ oz','13 lb 11 oz',4),(17,'Fresh onions','1 lb 15 oz ','3 lb 14 oz',4),(18,'Fresh carrots','3 lb 2 oz','6 lb 4 oz',5),(19,'Fresh green apples','1 lb 2 oz','2 lb 4 oz',5),(20,'Fresh red bell pepper','11 oz','1 lb 6 oz',6),(21,'Fresh green bell pepper','11 oz ','1 lb 6 oz',6),(22,'Fresh onions','10 oz','1 lb 4 oz',6),(23,'Fresh limes','6 ea','12 ea',6),(24,'Fresh onions','2 lb 9 oz','5 lb 2 oz',7),(25,'Fresh carrots','2 lb 7 oz','4 lb 14 oz',7),(26,'Fresh bell peppers','3 lb 1 oz','6 lb 2 oz',7),(27,'Fresh spinach','1 lb 15 oz','3 lb 14 oz',7),(28,'Fresh broccoli crowns','1 lb 4 oz','2 lb 8 oz',8),(29,'Fresh carrots','1 lb 4 oz','2 lb 8 oz',8),(30,'Fresh yellow squash','1 lb 5 oz','2 lb 10 oz',8),(31,'Fresh red bell peppers','1 lb 4 oz','2 lb 8 oz',8),(32,'Fresh onions','1 lb 13 oz','3 lb 10 oz',9),(33,'Fresh green bell peppers','14 oz','1 lb 12 oz',9),(34,'Fresh red potatoes','1 lb 1 oz','2 lb 2 oz',10),(35,'Fresh onion','14 oz','1 lb 12 oz',10),(36,'Onion','1 lb 10 oz','3 lb 4 ozz',11),(37,'Green bell peppers','1 lb 10 oz ','3 lb 4 oz',11),(38,'Celery','1 lb','2 lb',11),(39,'Fresh onions','2 lb 4 oz','4 lb 8 oz',13),(40,'Fresh Green Bell Pepper','2 lb 1 oz',' 4 lb 2 oz',13),(41,'Fresh Red Bell Pepper','2 lb 7 oz','4 lb 14 oz',13),(42,'Fresh Celery','1 lb 13 oz','3 lb 10 oz',13),(43,'*Fresh mango','2 lb 15 oz','5 lb 14 oz',14),(44,'*Fresh tomatoes','2 lb 12 oz','5 lb 8 oz',14),(45,'*Fresh cilantro','2.5 oz','5 oz',14),(46,'*Fresh jalapeños','3 oz','6 oz',14),(47,'*Fresh baby spinach','1 lb 12 oz','3 lb 8 oz',14),(48,'Fresh cauliflower','1 lb 1 oz','2 lb 2 oz',15),(49,'Fresh onion','5 oz','10 oz',15),(50,'Fresh red bell peppers','15 oz','1 lb 14 oz',16),(51,'Fresh green bell peppers','15 oz','1 lb 14 oz',16),(52,'Fresh carrots','12 oz','1 lb 8 oz',16),(53,'Fresh celery','15 oz','1 lb 14 oz',16),(54,'Fresh red onions','9 oz','1 lb 2 oz',16),(55,'*Fresh green peppers, diced','8 oz','diced: 1 lb',17),(56,'*Fresh red peppers: diced','10 oz','1 lb 4 oz',17),(57,'F*Fresh red onions, diced','2½ oz','5 oz',17),(58,'Fresh onions','2 lb 4 oz','4 lb 8 oz',18),(59,'Fresh red bell peppers','2 lb 7 oz ',' 4 lb 14 oz',18),(60,'Fresh spinach','1 lb 4 oz','2 lb 8 oz',18),(61,'Fresh onions','1 lb 5 oz','2 lb 10 oz',19),(62,'Fresh mushrooms','3 lb 8 oz','7 lb',19),(63,'Fresh kale','1 lb 5 oz','2 lb 10 oz',19),(64,'Red bell pepper','1 lb 9 oz','3 lb 2 oz',20),(65,'Green bell pepper','11 oz','1 lb 6 oz',20),(66,'Fresh onions','1 lb 15 oz','3 lb 14 oz',21),(67,'Fresh red bell pepper','2 lb 1 oz','4 lb 2 oz',21),(68,'Fresh bell pepper','2 lb 7 oz','4 lb 14 oz',22),(69,'Fresh green onion','1 lb 4 oz','2 lb 8 oz',22),(70,'Fresh spinach','1 lb','2 lb',22),(71,'Fresh tomatoes','3 lb 3 oz','6 lb 6 oz',25),(72,'Fresh cucumbers','1 lb 10 oz','3 lb 4 oz',25),(73,'Fresh onions','9 oz','1 lb 2 oz',25),(74,'Fresh red bell peppers','6 oz','12 oz',25),(75,'Fresh onions','9 oz','1 lb 2 oz',26),(76,'Fresh celery','15 oz','1 lb 14 oz',26),(77,'Fresh romaine lettuce','14 oz','1 lb 2 oz',26),(78,'Fresh tomatoes','2 lb 15 oz','5 lb 14 oz',26),(79,'Fresh celery','2 lb 2 oz','4 lb 4 oz',27),(80,'Fresh onions','1 lb 15 oz ','3 lb 14 oz',27),(81,'Fresh green bell peppers','2 lb 1 oz','4 lb 2 oz',27),(82,'Fresh tomatoes','2 lb 14 oz','5 lb 12 oz',28),(83,'Fresh spinach','2 lb','4 lb',28),(84,'Fresh onions','14 oz','1 lb 12 oz',29),(85,'Fresh green bell peppers','10 oz','1 lb 4 oz',29),(86,'Fresh jalapeño','1 oz','2 oz',29),(87,'Fresh mushrooms','1 lb 1 oz','2 lb 2 oz',30),(88,'Fresh onions','1 oz 5 oz ','2 lb 10 oz',30),(89,'Fresh bell peppers','1 lb 12 oz','3 lb 8 oz',30),(90,'Fresh spinach','1 lb','2 lb',30);
/*!40000 ALTER TABLE `marketing_guide` ENABLE KEYS */;
UNLOCK TABLES;

--
-- Table structure for table `note`
--

DROP TABLE IF EXISTS `note`;
/*!40101 SET @saved_cs_client     = @@character_set_client */;
/*!50503 SET character_set_client = utf8mb4 */;
CREATE TABLE `note` (
  `id` bigint NOT NULL AUTO_INCREMENT,
  `note` varchar(600) DEFAULT NULL,
  `recipe_id` int DEFAULT NULL,
  PRIMARY KEY (`id`),
  KEY `FKaeln1ftj8676mm6e78iu7ibwq` (`recipe_id`),
  CONSTRAINT `FKaeln1ftj8676mm6e78iu7ibwq` FOREIGN KEY (`recipe_id`) REFERENCES `recipe` (`id`)
) ENGINE=InnoDB AUTO_INCREMENT=87 DEFAULT CHARSET=utf8mb4 COLLATE=utf8mb4_0900_ai_ci;
/*!40101 SET character_set_client = @saved_cs_client */;

--
-- Dumping data for table `note`
--

LOCK TABLES `note` WRITE;
/*!40000 ALTER TABLE `note` DISABLE KEYS */;
INSERT INTO `note` VALUES (1,'*See Marketing Guide for purchasing information on foods that will change during preparation or when a variation of the ingredients is available.',1),(2,'Cooking Process #2: Same Day Service.',1),(3,'*See Marketing Guide for purchasing information on foods that will change during preparation or when a variation of the ingredients is available.',2),(4,'Cooking Process #2: Same Day Service.',2),(5,'Mexican Seasoning Mix: Makes ¾ cup (about 4½ oz) Combine 1 Tbsp dried oregano, 1 Tbsp garlic powder, ¼ tsp ground cinnamon, 2 tsp sugar, 2 Tbsp chili powder, 1 Tbsp ground cumin, 1 Tbsp 2 tsp paprika, 1 Tbsp 2 tsp onion powder, 2 Tbsp dried minced onion, and 2 tsp salt.',2),(6,'Ranch Dressing: Combine 1 ⅓ cup low-fat buttermilk, 2⅓ tsp lemon juice, ½ cup 2 Tbsp low-fat, plain yogurt, 1 tsp fat-free sour cream, ½ cup 1 Tbsp 1½ tsp low-fat mayonnaise, 1 Tbsp onion powder, 1 Tbsp garlic powder, ½ tsp ground black pepper, ½ tsp dried chives, 1 ½ tsp dried parsley, 1 tsp salt, 1 tsp sugar, in a large bowl and stir well.',2),(7,'SSee Marketing Guide for purchasing information on foods that will change during preparation or when a variation of the ingredients is available.',3),(8,'Cooking Process #2: Same Day Service.',3),(9,'How to Cook Dry Beans Special tip for preparing dry beans:',3),(10,'SOAKING BEANSOVERNIGHT METHOD: Add 1¾ qt cold water to every 1 lb of dry beans. Cover and refrigerate overnight. Discard the water. Proceed with recipe. QUICK-SOAK METHOD: Boil 1¾ qt of water for each 1 lb of dry beans. Add beans and boil for 2 minutes. Remove from heat and allow to soak for 1 hour. Discard the water. Proceed with recipe.',3),(11,'COOKING BEANS Once the beans have been soaked, add 1¾ qt water for every lb of dry beans. Boil gently with lid tilted until tender, about 2 hours. Use hot beans immediately. Critical Control Point: Hold for hot service at 140 °F or higher.',3),(12,'Chill for later use.Critical Control Point: Cool to 70 °F within 2 hours and to 40 °F or lower within 4 hours.',3),(13,'1 lb dry pinto beans = about 2⅜ cups or 5¼ cups cooked beans.',3),(14,'*See Marketing Guide for purchasing information on foods that will change during preparation or when a variation of the ingredients is available.',4),(15,'Cooking Process #2: Same Day Service.',4),(16,'*See Marketing Guide for purchasing information on foods that will change during preparation or when a variation of the ingredients is available.',5),(17,'Cooking Process #2: Same Day Service.',5),(18,'*See Marketing Guide for purchasing information on foods that will change during preparation or when a variation of the ingredients is available.',6),(19,'Cooking Process #3: Complex Food Preparation.',6),(20,'Mexican Seasoning Mix ¾ cup (about 4½ oz)  ',6),(21,'Combine 1 Tbsp dried oregano, 1 Tbsp garlic powder, ¼ tsp ground cinnamon, 2 tsp sugar, 2 Tbsp chili powder, 1 Tbsp ground cumin, 1 Tbsp 2 tsp paprika, 1 Tbsp 2 tsp onion powder, 2 Tbsp dried minced onion, and 2 tsp salt.',6),(22,'See Marketing Guide for purchasing information on foods that will change during preparation or when a variation of the ingredients is available.',7),(23,'Cooking Process #2: Same Day Service.',7),(24,'See Marketing Guide for purchasing information on foods that will change during preparation or when a variation of the ingredients is available..',8),(25,'Cooking Process #2: Same Day Service.',8),(26,'Seasonal Vegetable Replacement Options: Cauliflower, Celery, Onions, Cabbage, Green Beans, Green Peas, Zucchini, Snow Peas, Pimientos, and Water Chestnuts.',8),(27,'Increase green onions to about 6¾ oz (2 cups) per 25 servings when preparing Stir Fry Sauce for this recipe.',8),(28,'*See Marketing Guide for purchasing information on foods that will change during preparation or when a variation of the ingredients is available.',9),(29,'Cooking Process #2: Same Day Service.',9),(30,'Special tip for preparing dry beans: SOAKING BEANS OVERNIGHT METHOD: Add 1¾ qt cold water to every 1 lb of dry beans. Cover and refrigerate overnight. Discard the water. Proceed with cooking beans. QUICK-SOAK METHOD: Boil 1¾ qt of water for each 1 lb of dry beans. Add beans and boil for 2 minutes. Remove from heat and allow to soak for 1 hour. Discard the water. Proceed with cooking beans.',9),(31,'Once the beans have been soaked, add 1¾ qt water for every lb of dry beans. Boil gently with lid tilted until tender, about 2 hours. Use hot beans immediately. Critical Control Point: Hold for hot service at 140 °F or higher. OR Chill for later use. Critical Control Point: Cool to 70 °F within 2 hours and to 40 °F or lower within 4 hours. 1 lb dry black beans = about 2½ cups dry or 5¼ cups cooked beans.',9),(32,'See Marketing Guide for purchasing information on foods that will change during preparation or when a variation of the ingredients is available.',10),(33,'Cooking Process #2: Same Day Service.',10),(34,'*See Marketing Guide for purchasing information on foods that will change during preparation or when a variation of the ingredients is available.',11),(35,'Cooking Process #3: Complex Food Preparation.',11),(36,'*See Marketing Guide for purchasing information on foods that will change during preparation or when a variation of the ingredients is available.',12),(37,'Cooking Process #2: Same Day Service.',12),(38,'*See Marketing Guide for purchasing information on foods that will change during preparation or when a variation of the ingredients is available.',13),(39,'Cooking Process #2: Same Day Service.',13),(40,'Special tip for preparing dry peas: OVERNIGHT METHOD: Add 1¾ qt cold water to every 1 lb of dry peas. Cover and refrigerate overnight. Discard the water. Proceed with recipe. QUICK-SOAK METHOD: Boil 1¾ qt of water for each 1 lb of dry peas. Add peas and boil for 2 minutes. Remove from heat and allow to soak for 1hour. Discard the water. Proceed with recipe.',13),(41,'Once the peas have been soaked, add 1¾ qt water for every lb of dry peas. Boil gently with lid tilted until tender, about 2 hours. Use hot peas immediately. Critical Control Point: Hold for hot service at 140 °F or higher. OR Chill for later use. Critical Control Point: Cool to 70 °F within 2 hours and to 40 °F or lower within 4 hours.1 lb dry black-eyed peas = about 2¼ cups dry or 4½ cups cooked peas.',13),(42,'*See Marketing Guide for purchasing information on foods that will change during preparation or when a variation of the ingredients is available.',14),(43,'Cooking Process #2: Same Day Service.',14),(44,'Alternate grain – can use pita bread.',14),(45,'*See Marketing Guide for purchasing information on foods that will change during preparation or when a variation of the ingredients is available.',15),(46,'Cooking Process #2: Same Day Service.',15),(47,'*See Marketing Guide for purchasing information on foods that will change during preparation or when a variation of the ingredients is available.',16),(48,'Cooking Process #2: Same Day Service.',16),(49,'*See Marketing Guide for purchasing information on foods that will change during preparation or when a variation of the ingredients is available. Cooking Process #2: Same Day Service.',17),(50,'Mexican Seasoning Mix: Makes ¾ cup (about 4½ oz) Combine 1 Tbsp dried oregano, 1 Tbsp garlic powder, ¼ tsp ground cinnamon, 2 tsp sugar, 2 Tbsp chili powder, 1 Tbsp ground cumin, 1 Tbsp 2 tsp paprika, 1 Tbsp 2 tsp onion powder, 2 Tbsp dried minced onion, and 2 tsp salt.',17),(51,'How to Cook Dry Beans Special tip for preparing dry beans:',17),(52,'CSOAKING BEANS OVERNIGHT METHOD: Add 1¾ qt cold water to every 1 lb of dry beans. Cover and refrigerate overnight. Discard the water. Proceed with recipe. QUICK-SOAK METHOD: Boil 1¾ qt of water for each 1 lb of dry beans. Add beans and boil for 2 minutes. Remove from heat and allow to soak for 1 hour. Discard the water. Proceed with recipe.',17),(53,'COOKING BEANS Once the beans have been soaked, add 1¾ qt water for every lb of dry beans. Boil gently with lid tilted until tender, about 2 hours. Use hot beans immediately.Critical Control Point: Hold for hot service at 140 °F or higher..',17),(54,'Chill for later use.Critical Control Point: Cool to 70 °F within 2 hours and to 40 °F or lower within 4 hours. 1 lb dry kidney beans = about 2½ cups dry or 5¼ cups cooked beans. *Use the 30% reduced sodium version of Old Bay Seasoning to further reduce the sodium in the recipe.',17),(55,'*See Marketing Guide for purchasing information on foods that will change during preparation or when a variation of the ingredients is available.',18),(56,'Cooking Process #2: Same Day Service.',18),(57,'*See Marketing Guide for purchasing information on foods that will change during preparation or when a variation of the ingredients is available.',19),(58,'Cooking Process #2: Same Day Service.',19),(59,'*See Marketing Guide for purchasing information on foods that will change during preparation or when a variation of the ingredients is available.',20),(60,'Cooking Process #2: Same Day Service.',20),(61,'*See Marketing Guide for purchasing information on foods that will change during preparation or when a variation of the ingredients is available.',21),(62,'Cooking Process #2: Same Day Service.',21),(63,'*See Marketing Guide for purchasing information on foods that will change during preparation or when a variation of the ingredients is available.',22),(64,'Cooking Process #2: Same Day Service.',22),(65,'*See Marketing Guide for purchasing information on foods that will change during preparation or when a variation of the ingredients is available.',23),(66,'Cooking Process #2: Same Day Service.',23),(67,'If oatmeal sits longer than 10 minutes, it will become very thick. Add up to 3 cups additional water per 25 servings as needed.',23),(68,'The agave nectar is 6 g per ½ cup which meets CACFP requirement of no more than 6 grams per dry ounce.',23),(69,'See Marketing Guide for purchasing information on foods that will change during preparation or when a variation of the ingredients is available..',24),(70,'Cooking Process #2: Same Day Service.',24),(71,'*See Marketing Guide for purchasing information on foods that will change during preparation or when a variation of the ingredients is available.',25),(72,'Cooking Process #2: Same Day Service.',25),(73,'*See Marketing Guide for purchasing information on foods that will change during preparation or when a variation of the ingredients is available.',26),(74,'Cooking Process #2: Same Day Service.',26),(75,'*See Marketing Guide for purchasing information on foods that will change during preparation or when a variation of the ingredients is available.',27),(76,'Cooking Process #2: Same Day Service.',27),(77,'See Cornbread USDA Recipe ingredients and directions, https://theicn.org/cnrb/.',27),(78,'*See Marketing Guide for purchasing information on foods that will change during preparation or when a variation of the ingredients is available.',28),(79,'Cooking Process #2: Same Day Service.',28),(80,'*See Marketing Guide for purchasing information on foods that will change during preparation or when a variation of the ingredients is available.',29),(81,'Cooking Process #2: Same Day Service.',29),(82,'Mexican Seasoning Mix: Makes ¾ cup (about 4½ oz) Combine 1 Tbsp dried oregano, 1 Tbsp garlic powder, ¼ tsp ground cinnamon, 2 tsp sugar, 2 Tbsp chili powder, 1 Tbsp ground cumin, 1 Tbsp 2 tsp paprika, 1 Tbsp 2 tsp onion powder, 2 Tbsp dried minced onion, and 2 tsp salt.',29),(83,'How to Cook Dry Beans Special tip for preparing dry beans: SOAKING BEANS OVERNIGHT METHOD: Add 1¾ qt cold water to every 1 lb of dry beans. Cover and refrigerate overnight. Discard the water. Proceed with recipe. QUICK-SOAK METHOD: Boil 1¾ qt of water for each 1 lb of dry beans. Add beans and boil for 2 minutes. Remove from heat and allow to soak for 1 hour. Discard the water. Proceed with recipe.',29),(84,'COOKING BEANS Once the beans have been soaked, add 1¾ qt water for every lb of dry beans. Boil gently with lid tilted until tender, about 2 hours. Use hot beans immediately. Critical Control Point: Hold for hot service at 140 °F or higher. OR Chill for later use. Critical Control Point: Cool to 70 °F within 2 hours and to 40 °F or lower within 4 hours. 1 lb dry great northern beans = about 2½ cups dry or 5¼ cups cooked beans.',29),(85,'*See Marketing Guide for purchasing information on foods that will change during preparation or when a variation of the ingredients is available.',30),(86,'Cooking Process #2: Same Day Service.',30);
/*!40000 ALTER TABLE `note` ENABLE KEYS */;
UNLOCK TABLES;

--
-- Table structure for table `nutrition`
--

DROP TABLE IF EXISTS `nutrition`;
/*!40101 SET @saved_cs_client     = @@character_set_client */;
/*!50503 SET character_set_client = utf8mb4 */;
CREATE TABLE `nutrition` (
  `id` bigint NOT NULL AUTO_INCREMENT,
  `amount_per_serving` varchar(255) DEFAULT NULL,
  `calcium` varchar(255) DEFAULT NULL,
  `calories` int DEFAULT NULL,
  `cholesterol` varchar(255) DEFAULT NULL,
  `dietary_fiber` varchar(255) DEFAULT NULL,
  `iron` varchar(255) DEFAULT NULL,
  `potassium` varchar(255) DEFAULT NULL,
  `protein` varchar(255) DEFAULT NULL,
  `saturated_fat` varchar(255) DEFAULT NULL,
  `sodium` varchar(255) DEFAULT NULL,
  `total_carbohydrates` varchar(255) DEFAULT NULL,
  `total_fat` varchar(255) DEFAULT NULL,
  `total_sugars` varchar(255) DEFAULT NULL,
  `vitamina` varchar(255) DEFAULT NULL,
  `vitaminc` varchar(255) DEFAULT NULL,
  `vitamind` varchar(255) DEFAULT NULL,
  `recipe_id` int DEFAULT NULL,
  PRIMARY KEY (`id`),
  KEY `FKpy4lhtdnayd1361oesu3jp3pd` (`recipe_id`),
  CONSTRAINT `FKpy4lhtdnayd1361oesu3jp3pd` FOREIGN KEY (`recipe_id`) REFERENCES `recipe` (`id`)
) ENGINE=InnoDB AUTO_INCREMENT=31 DEFAULT CHARSET=utf8mb4 COLLATE=utf8mb4_0900_ai_ci;
/*!40101 SET character_set_client = @saved_cs_client */;

--
-- Dumping data for table `nutrition`
--

LOCK TABLES `nutrition` WRITE;
/*!40000 ALTER TABLE `nutrition` DISABLE KEYS */;
INSERT INTO `nutrition` VALUES (1,'1 tuna burger','81mg',298,'19mg','5g','3mg','457mg','21g','1g','445mg','39g','7g','7g','96mcg','22mg','0IU',1),(2,' 1 cup (8 oz spoodle) salad.','58mg',192,'43mg','2g','2mg','518mg','15g','1g','186mg','23g','4g','17g','43mcg','10mg','4IU',2),(3,'1 bowl','343mg',378,'13mg','12g','7mg','641mg','19g','3g','434mg','71g','7g','4g','102mcg','23mg','3IU',3),(4,' 1 piece (2” x 3¾”square)','104mg',371,'35mg','7g','2mg','390mg','8g','3g','168mg','62g','12g','30g','512mcg','14mg','68IU',4),(5,'¾ cup (6 oz spoodle)','54mg',194,'5mg','3g','1mg','198mg','4g','1g','204mg','41g','3g','33g','507mcg','8mg','0IU',5),(6,'2 fajitas','123mg',317,'45mg','5g','3mg','360mg','22g','2g','448mg','40g','8g','6g','23mcg','26mg','3IU',6),(7,'1 ½ cup (8 oz and 4 oz spoodle)','117mg',318,'82mg','4g','4mg','721mg','24g','2g','347mg','39g','7g','7g','498mcg','35mg','27IU',7),(8,NULL,'176mg',197,'0mg','2g','2mg','221mg','14g','0.9g','434mg','14g','7g','6g','230mcg','46mg','0IU',8),(9,' 1 cup of rice (8 oz spoodle) & 1 cup of beans (8 oz spoodle).','88mg',395,'0mg','9g','3mg','470mg','12g','0.8g','448mg','69g','7g','2g','6mcg','10mg','0IU',9),(10,'¾ cup (6 oz slotted spoodle)','43mg',113,'27mg','2g','1mg','289mg','10g','1g','337mg','8g','4g','2g','13mcg','5mg','11IU',10),(11,' 2 cups (2 -8 oz spoodles)','94mg',381,'32mg','8g','7mg','665mg','20g','2g','446mg','69g','8g','5g','45mcg','33mg','2IU',11),(12,'½ cup (4 oz spoodle)','17mg',310,'109mg','0.2g','2mg','241mg','30g','3g','371mg','20g','12g','18g','23mcg','3mg','6IU',12),(13,'1 ½ cup (8 oz and 4 oz spoodle)','44mg',294,'0mg','6g','2mg','472mg','9g','1g','435mg','51g','6g','6g','57mcg','74mg','0IU',13),(14,'1 wrap','55mg',376,'34mg','3g','2mg','448mg','23g','3g','391mg','61g','6g','16g','147mcg','37mg','88IU',14),(15,'1 piece (2” x 3¾” square)','339mg',345,'18mg','3g','2mg','347mg','21g','3g','469mg','74g','8g','9g','91mcg','6mg','57IU',15),(16,'1 cup (8 oz spoodle)','28mg',178,'3mg','3g','1mg','123mg','5g','0g','223mg','37g','3g','12g','143mcg','26mg','0IU',16),(17,' ¾ cup (6 oz spoodle)','147mg',217,'5mg','5g','2mg','384mg','8g','2g','290mg','33g','6g','13g','38mcg','23mg','1IU',17),(18,'1 piece (2” x 3¾” square)','190mg',166,'156mg','2g','2mg','377mg','13g','2g','370mg','17g','5g','6g','247mcg','55mg','62IU',18),(19,'1 piece (2” x 3¾” square)','250mg',324,'7mg','6g','5mg','417mg','18g','3g','424mg','58g','8g','3g','181mcg','9mg','26IU',19),(20,'1 cup (8 oz spoodle)','18mg',150,'28mg','2g','2mg','304mg','9g','1g','285mg','12g','7g','2g','40mcg','44mg','2IU',20),(21,'1 cup rice (8 oz spoodle) & 1 cup beef (8 oz spoodle)','82mg',331,'44mg','6g','7mg','500mg','22g','1g','304mg','57g','6g','4g','72mcg','55mg','3IU',21),(22,'2 cups (2 – 8 oz spoodles)','205mg',230,'0mg','3g','5mg','290mg','16g','1g','218mg','18g','9g','2g','130mcg','57mg','0IU',22),(23,'1 cup (8 oz spoodle)','117mg',105,'6mg','1g','0mg','24mg','4g','1g','167mg','17g','3g','12g','0mcg','0mg','52IU',23),(24,'1 smoothie bowl (6 oz serving bowl)','84mg',114,'6mg','2g','1mg','226mg','6g','0.7g','21mg','19g','1g','16g','52mcg','71mg','0IU',24),(25,'8 oz spoodle (1 cup)','26mg',90,'0mg','3g','1mg','253mg','2g','0g','249mg','13g','3g','3g','38mcg','19mg','0IU',25),(26,'2 Sandwiches','82mg',281,'49mg','5g','2mg','353mg','19g','1g','499mg','37g','8g','8g','76mcg','8mg','5IU',26),(27,' 1 piece (2” x 3¾” square)','70mg',237,'58mg','3g','1mg','417mg','23g','1g','276mg','23g','6g','7g','35mcg','22mg','39IU',27),(28,'1 sandwich','503mg',342,'14mg','6g','3mg','240mg','23g','8g','571mg','28g','16g','5g','258mcg','17mg','15IU',28),(29,'1 cup (8 oz spoodle)','92mg',181,'10mg','7g','2mg','342mg','8g','2g','392mg','27g','4g','7g','3mcg','9mg','0IU',29),(30,'1 frittata muffin','102mg',134,'179mg','2g','2mg','291mg','11g','2g','348mg','11g','5g','3g','193mcg','40mg','45IU',30);
/*!40000 ALTER TABLE `nutrition` ENABLE KEYS */;
UNLOCK TABLES;

--
-- Table structure for table `purpose`
--

DROP TABLE IF EXISTS `purpose`;
/*!40101 SET @saved_cs_client     = @@character_set_client */;
/*!50503 SET character_set_client = utf8mb4 */;
CREATE TABLE `purpose` (
  `id` bigint NOT NULL AUTO_INCREMENT,
  `purpose` varchar(255) DEFAULT NULL,
  PRIMARY KEY (`id`)
) ENGINE=InnoDB AUTO_INCREMENT=2 DEFAULT CHARSET=utf8mb4 COLLATE=utf8mb4_0900_ai_ci;
/*!40101 SET character_set_client = @saved_cs_client */;

--
-- Dumping data for table `purpose`
--

LOCK TABLES `purpose` WRITE;
/*!40000 ALTER TABLE `purpose` DISABLE KEYS */;
INSERT INTO `purpose` VALUES (1,'CACFP');
/*!40000 ALTER TABLE `purpose` ENABLE KEYS */;
UNLOCK TABLES;

--
-- Table structure for table `recipe`
--

DROP TABLE IF EXISTS `recipe`;
/*!40101 SET @saved_cs_client     = @@character_set_client */;
/*!50503 SET character_set_client = utf8mb4 */;
CREATE TABLE `recipe` (
  `id` int NOT NULL AUTO_INCREMENT,
  `description` varchar(600) DEFAULT NULL,
  `image` varchar(255) DEFAULT NULL,
  `information` varchar(600) DEFAULT NULL,
  `title` varchar(255) DEFAULT NULL,
  `purpose_id` bigint DEFAULT NULL,
  `category_id` bigint DEFAULT NULL,
  PRIMARY KEY (`id`),
  KEY `FKn6e3g80kvjaa2jdqnlrbaa28p` (`purpose_id`),
  KEY `FKrufhnv33hpfxstx9x108553kj` (`category_id`),
  CONSTRAINT `FKn6e3g80kvjaa2jdqnlrbaa28p` FOREIGN KEY (`purpose_id`) REFERENCES `purpose` (`id`),
  CONSTRAINT `FKrufhnv33hpfxstx9x108553kj` FOREIGN KEY (`category_id`) REFERENCES `category` (`id`)
) ENGINE=InnoDB AUTO_INCREMENT=31 DEFAULT CHARSET=utf8mb4 COLLATE=utf8mb4_0900_ai_ci;
/*!40101 SET character_set_client = @saved_cs_client */;

--
-- Dumping data for table `recipe`
--

LOCK TABLES `recipe` WRITE;
/*!40000 ALTER TABLE `recipe` DISABLE KEYS */;
INSERT INTO `recipe` VALUES (1,'Our Asian Tuna Burger with fresh ginger, green onions, red bell pepper and canned tuna makes a healthy and tasty alternative for traditional burger lovers.','/images/Asian-Tuna-Burger.jpg','1 Asian Tuna Burger and bun provide ½ cup vegetable (⅛ cup additional vegetable, ⅛ cup dark green vegetable, ¼ cup red/orange vegetable), 2 oz equivalent meat, and 2 oz equivalent grains.','Asian Tuna Burgers',NULL,NULL),(2,'This Barbecue Chicken or Turkey Salad includes tender white chicken combined with green onions, celery and the smoky flavor of barbecue sauce. Delish!','/images/Barbecue-Chicken-or-Turkey-Salad.jpg','1 cup (8 oz spoodle) provides ½ cup vegetable (⅛ cup red/orange vegetable, ⅜ cup other vegetable), and 2 oz equivalent meat.','Barbecue Chicken or Turkey Salad',NULL,NULL),(3,'Bowl meals are one of the newest ways to create layers of nutrition. Our Bean Burrito Bowl’s burst of southwest flavor comes from brown rice, black beans, Mexican spices and popular pico de gallo.','/images/Bean-Burrito-Bowl.jpg','Legume as a Vegetable: One (24 oz) bowl provides 1 cup vegetable (⅛ cup additional vegetable, ⅜ cup legume vegetable, ⅜ cup red/orange vegetable, ⅛ cup other vegetable), 0.75 oz equivalent meat alternate, and 2 oz equivalent grains.','Bean Burrito Bowl (Vegetable)',NULL,NULL),(4,'Butternut Squash Surprise, a comforting and creamy combination of fresh butternut squash, eggs, fat-free half and half, and spices is a fall seasonal favorite.','/images/Butternut-Squash-Casserole.jpg','One piece (2 x 3¾) provides ½ cup vegetable (½ cup red/orange vegetable). The Dietary Guidelines identifies grain-based desserts as sources of added sugars and saturated fats. To better align the CACFP meal pattern with the Dietary Guidelines, grain-based desserts cannot count toward the grains requirement at any meal or snack under the updated CACFP meal pattern regulations (7 CFR 226.20 (a)(4)(iii)).','Butternut Squash Surprise',NULL,NULL),(5,'Carrot Raisin Salad is a favorite springtime recipe packed with fresh carrots, canned pineapple tidbits, fresh green apples, raisins, and shredded coconut. Yummy!','/images/Carrot-Raisin-Salad.jpg','¾ cup (6 oz spoodle) provides ½ cup vegetable (½ cup red/orange vegetable) and ¼ cup fruit.','Carrot Raisin Salad',NULL,NULL),(6,'Chicken Fajitas are an easy and delicious Mexican recipe! A warm tortilla holds seasoned juicy chicken, sautéed pepper and onions, and toppings; finished with a squeeze of fresh lime!','/images/Chicken-Fajitas.jpg','1 Fajita provides ½ cup vegetable (¼ cup additional vegetable, ⅛ cup red/orange vegetable, ⅛ cup starchy vegetable), 2 oz equivalent meat alternate, and 2 oz equivalent grains.','Chicken Fajita',NULL,NULL),(7,'Chicken or Turkey Noodles is an easy casserole full of chicken, whole grain spaghetti, spinach, and bell peppers in a light creamy sauce.','/images/Chicken-or-Turkey-and-Noodles.jpg','1½ cups (8 oz spoodle and 4 oz spoodle) provides ½ cup vegetable (⅛ cup dark green vegetable, ¼ cup red/orange vegetable, ⅛ cup other vegetable), 2 oz equivalent meats, and 1 oz equivalent grains.','Chicken or Turkey Noodles',NULL,NULL),(8,'Colorful Chinese Style Vegetables with Tofu provides crunchy bites of broccoli, fresh carrots, and red bell peppers along with tender tofu in a sweet and salty stir fry sauce. A quick and delicious meal!','/images/Chinese-Style-Vegetables-With-Tofu.jpg','1 cup (8 oz spoodle) provides ½ cup vegetable (⅛ cup additional vegetable, ⅛ cup dark green vegetable, ¼ cup red/orange vegetable), and 2 oz equivalent meat alternate.','Chinese Style Vegetables with Tofu',NULL,NULL),(9,'Filled with brown rice, beans, onions, cilantro and flavors of the Islands, Cuban Black Beans and Rice is a great meatless choice!','/images/Cuban-Black-Beans-and-Rice.jpg','1 cup rice and 1 cup beans (8 oz spoodle each) provides: Legume as Meat Alternate: ⅛ cup vegetable (⅛ cup other vegetable), 2 oz equivalent meat alternate, and 2 oz equivalent grains. OR Legume as a Vegetable: ⅝ cup vegetable (½ cup legume vegetable, ⅛ other vegetable), and 2 oz equivalent grains.','Cuban Black Beans and Rice',NULL,NULL),(10,'Green Beans with Potatoes and Smoked Turkey is an excellent side dish with a smoky flavor that pairs frozen green beans, potatoes, and onions with smoked turkey.','/images/Green-Beans-With-Potatoes-and-Smoked-Turkey.jpg','¾ cup (6 oz slotted spoodle) provides ½ cup vegetable (½ cup other vegetable), and 1 oz equivalent meat.','Green Beans with Potatoes and Smoked Turkey',NULL,NULL),(11,'Ground Turkey and Beef Spanish Rice is a delicious and satisfying variation of the Mexican recipe, Spanish Rice. Lean ground turkey and beef are cooked, with green peppers, onions, celery, and corn, in a savory sauce flavored with vibrant seasonings that include garlic, cilantro and cinnamon.','/images/Ground-Turkey-and-Beef-Spanish-Rice.jpg','2 cups (2-8 oz spoodles) provide ½ cup vegetable (⅛ cup additional vegetable, ⅛ cup red/orange vegetable, ¼ cup other vegetable), 2 oz equivalent meat, and 2 oz equivalent grains.','Ground Turkey and Beef Spanish Rice ',NULL,NULL),(12,'Honey Lime Chicken is a simple and delicious dish of tender baked chicken thighs lightly glazed with lime and honey.','/images/Honey-Lime-Chicken.jpg','½ cup (4 oz spoodle) provides 2 oz equivalent meat.','Honey Lime Chicken ',NULL,NULL),(13,'An all-time southern favorite, Hoppin’ John just keeps getting better! Black-eyed peas and brown rice are seasoned with fresh onions, bell peppers, celery and a savory broth.','/images/Hoppin\' John.jpg','Legume as a Meat Alternate: 1½ cups (8 oz spoodle and 4 oz spoodle) provides ⅜ cup vegetable (⅛ cup red/orange vegetable, ¼ cup other vegetable), 2 oz equivalent meat alternate, and 1 oz equivalent grains. OR Legume as a Vegetable: 1½ cups (8 oz spoodle and 4 oz spoodle) provides ¾ cup vegetable (½ cup legume vegetable, ⅛ cup red/orange vegetable, ⅛ cup other vegetable), and 1 oz equivalent grains.','Hoppin\' John',NULL,NULL),(14,'Jerk Fish Wrap is a taste of Jamaica with fresh fish, mango, and a hint of Jamaican spice!','/images/Jerk-Fish-Wrap.png','1 wrap provides ½ cup vegetable (⅛ cup additional vegetable, ¼ cup dark green vegetable, ⅛ cupred/orange vegetable), ¼ cup fruit, 2 oz equivalent meat, and 1.5 oz equivalent grains.','Jerk Fish Wrap',NULL,NULL),(15,'Macaroni and Cheese is a childhood favorite, a satisfying combination of cheese and noodles. Our version is made even more special with cauliflower!','/images/Macaroni-and-Cheese.jpg','1 piece (2” x 3¾”) provides 1 oz equivalent meat alternate and 1 oz equivalent grains.','Macaroni and Cheese',NULL,NULL),(16,'Macaroni Salad is a delightful side dish filled with healthy whole grain macaroni, fresh carrots, sweet fresh onions, and red and green peppers.','/images/Macaroni-Salad.jpg','1 cup (8 oz spoodle) provides ½ cup vegetable (⅛ cup additional vegetable, ⅛ cup red/orange vegetable, ¼ cup other vegetable), and 1 oz equivalent grains.','Macaroni Salad',NULL,NULL),(17,'Marinated Black Bean Salad, a fresh and vibrant dish of black beans, corn, green peppers, red peppers, salsa, onions, and jalapenos pairs great with chicken, fish, or tortilla chips.','/images/Marinated-Black-Bean-Salad.jpg','Legume as Vegetable: ¾ cup (6 oz slotted spoodle) provides ½ cup vegetable (⅛ cup additional vegetable, ⅛ cup legume vegetable, ⅛ cup red/orange vegetable, ⅛ cup starchy vegetable), and 0.25 oz equivalent meat alternate. OR Legume as Meat Alternate: ¾ cup (6 oz slotted spoodle) provides ⅜ cup vegetable (⅛ cup additional vegetable, ⅛ cup red/orange vegetable, ⅛ cup starchy vegetable), and 1 oz equivalent meat alternate.','Marinated Black Bean Salad ',NULL,NULL),(18,'Start the morning with Quiche! It packs a punch with the fresh, healthy flavors of red bell peppers, eggs, spinach, and cheese.','/images/Quiche-With-Self-Forming-Crust.jpg','One piece (2” x 3¾”) provides ½ cup vegetable (⅛ cup dark green vegetable, ⅜ cup other vegetable) and 2 oz equivalent meat alternate.   ','Quiche with Self-Forming Crust ',NULL,NULL),(19,'Comfort food at its best! Seasoned kale, vegetables, and brown rice topped with melted cheese make for an amazing blend of flavors.','/images/Rice-Vegetable-Casserole.jpg','1 piece (2” x 3¾ square) provides ½ cup vegetable (⅛ cup dark green vegetable, ⅜ cup other vegetable), 1 oz equivalent meat alternate, and 2 oz equivalent grains.','Rice Vegetable Casserole',NULL,NULL),(20,'Roasted Potato and Turkey Hash goes beyond breakfast! Roasted potatoes in combination with ground turkey and red and green peppers, all enhanced with the flavors of cayenne, coriander, garlic and sage, make this dish great for breakfast or any meal!','/images/Roasted-Potatoes-and-Turkey-Hash.jpg','1 cup (8 oz spoodle) provides ½ cup vegetable (⅛ cup additional vegetable, ⅛ cup red/orange vegetable, ¼ cup starchy vegetable), and 2 oz equivalent meat.','Roasted Potato and Turkey Hash',NULL,NULL),(21,'Ropa Vieja is a great Latin dish filled with braised beef, shredded with plenty of healthy, tasty vegetables, like onions, peppers and seasoned with a beef broth then finished off with cilantro.','/images/Ropa-Vieja.jpg','1 cup meat/vegetable mixture (8 oz spoodle) and 1 cup rice (8 oz spoodle) provides ½ cup vegetable (⅜ cup red/orange vegetable, ⅛ cup other vegetable), 2 oz equivalent meat, and 2 oz equivalent grains.','Ropa Vieja',NULL,NULL),(22,'Southwest Tofu Scramble is an exotic Asian and Indian influenced blend.','/images/Southwest-Tofu-Scramble.jpg','2 cups (2 - 8 oz spoodles) provides ½ cup vegetable (⅛ cup additional vegetable, ⅜ cup other vegetable), 2 oz equivalent meat alternate, and 2 oz equivalent grains.','Southwest Tofu Scramble',NULL,NULL),(23,'A traditional breakfast of whole grain oats sprinkled with warm flavors of cinnamon for an added delicious twist.','/images/Spiced-Oatmeal.jpg','1 cup (8 oz spoodle) provides 2 oz equivalent grains.','Spiced Oatmeal',NULL,NULL),(24,'This Smoothie Bowl recipe is a fresh and delicious way to incorporate fruits into your day! Sweet frozen strawberries blend deliciously with cool and creamy Greek yogurt.','/images/Strawberry_smoothie.jpg','One smoothie bowl (6 oz serving bowl) provides ½ cup fruit and 1 oz equivalent meat alternate.','Strawberry Smoothie Bowl',NULL,NULL),(25,'Tabbouleh is a super fresh herb and bulgur salad, with fresh parsley as the main ingredient. Additional ingredients of diced cucumber, tomato, and a simply dressing of olive oil and lemon juice makes this a refreshing, light and nutrient packed salad.','/images/Tabbouleh.png','1 cup (8 oz spoodle) provides ½ cup vegetable (⅛ cup additional vegetable, ¼ cup red/orange vegetable, ⅛ cup other vegetable), and 1 oz equivalent grains.','Tabbouleh',NULL,NULL),(26,'The Tuna Salad Sandwich with canned tuna, fresh onions, celery, and boiled eggs is a classic recipe that is great for lunch, dinner and snacks!','/images/Tuna-Salad-on-a-Whole-Grain-Roll.png','Two sandwiches provides ½ cup vegetable (⅛ cup dark green vegetable, ¼ cup red/orange vegetable, ⅛ cup other vegetable), 2 oz equivalent meat, and 2 oz equivalent grains ','Tuna Salad on a Whole Grain Roll',NULL,NULL),(27,'Turkey and Dressing Supreme is a deliciously satisfying dish that blends turkey and dressing spiced with sage, fresh onion, celery, and green peppers.','/images/Turkey-and-Dressing-Supreme.jpg','1 piece (2” x 3¾” square) provides ½ cup vegetable (½ cup other vegetable), 2 oz equivalent meat, and 2 oz equivalent grains.','Turkey and Dressing Supreme',NULL,NULL),(28,'A Tuscan Grill Cheese Sandwich with mozzarella cheese, fresh spinach and tomatoes makes a lunchtime favorite even better!','/images/Tuscan-Grilled-Cheese-Sandwich.jpg','1 sandwich provides ½ cup vegetable (⅛ cup additional vegetable, ¼ cup dark green vegetable, ⅛ cup red/orange vegetable), 2 oz equivalent meat alternate, and 2 oz equivalent grains.','Tuscan Grill Cheese Sandwich',NULL,NULL),(29,'Our Vegetable Chili is the perfect blend of kidney beans, fresh onions, fresh green peppers, fresh jalapenos, canned tomatoes, and spices. Perfect for a cold night.','/images/Vegetable-Chilli.jpg','1 cup (8 oz spoodle) provides: Legume as Meat Alternate: ⅜ cup vegetable (¼ cup red/orange vegetable, ⅛ cup other vegetable),1 oz equivalent meat alternate and .25 oz equivalent grains. OR Legume as Vegetable: ⅝ cup vegetable (¼ cup legume vegetable, ¼ cup red/orange vegetable, ⅛ cup other vegetable), and 0.25 oz equivalent grains.','Vegetable Chili',NULL,NULL),(30,'Vegetable Frittata showcases all the main ingredients! Eggs, mushrooms, onions, bell pepper, spinach, and cheese, all in one delicious frittata muffin.','/images/Vegetable-Frittata.jpg','One frittata muffin provides ½ cup vegetable (¼ cup additional vegetable, ⅛ cup red/orange vegetable, ⅛ cup other vegetable), and 2 oz equivalent meat alternate.','Vegetable Frittata',NULL,NULL);
/*!40000 ALTER TABLE `recipe` ENABLE KEYS */;
UNLOCK TABLES;

--
-- Table structure for table `serving25`
--

DROP TABLE IF EXISTS `serving25`;
/*!40101 SET @saved_cs_client     = @@character_set_client */;
/*!50503 SET character_set_client = utf8mb4 */;
CREATE TABLE `serving25` (
  `id` bigint NOT NULL AUTO_INCREMENT,
  `measure` varchar(255) DEFAULT NULL,
  `weight` varchar(255) DEFAULT NULL,
  `ingredient_id` bigint DEFAULT NULL,
  PRIMARY KEY (`id`),
  KEY `FKo9voqewe0swk211jwjouxf4ns` (`ingredient_id`),
  CONSTRAINT `FKo9voqewe0swk211jwjouxf4ns` FOREIGN KEY (`ingredient_id`) REFERENCES `ingredient` (`id`)
) ENGINE=InnoDB AUTO_INCREMENT=446 DEFAULT CHARSET=utf8mb4 COLLATE=utf8mb4_0900_ai_ci;
/*!40101 SET character_set_client = @saved_cs_client */;

--
-- Dumping data for table `serving25`
--

LOCK TABLES `serving25` WRITE;
/*!40000 ALTER TABLE `serving25` DISABLE KEYS */;
INSERT INTO `serving25` VALUES (1,'2 qt 1 cup','3 lb 2 oz',1),(2,'1 cup','8 oz',2),(3,'2 Tbsp','',3),(4,'1 Tbsp','',4),(5,'1 Tbsp','',5),(6,'½ cup','4 oz',6),(7,'1½ cups','8 oz',7),(8,'1 Tbsp 1 tsp','',8),(9,'1 Tbsp 1 tsp','',9),(10,'½ cup','4 oz',10),(11,'2 cups','6 oz',11),(12,'25 pieces','3 lb 2 oz',12),(13,'25 pieces (3 x 3 medium size)','12½ oz',13),(14,'25 slices (¼” slice)','2 lb 5½ oz',14),(15,'1 cup','8 oz',15),(16,'1 lb','3 cups',16),(17,'1 Tbsp','',17),(18,'1½ tsp','',18),(19,'3 cups (approx. ¼ No. 10 can)','1 lb 12 oz',19),(20,'½ tsp','',20),(21,'¾ cup','6 oz',21),(22,'¼ cup','',22),(23,'1 tsp','',23),(24,'2 Tbsp','',24),(25,'1 gal','3 lb 8 oz',25),(26,'','',26),(27,'1 gal','3 lb 8 oz',27),(28,'1 Tbsp','',28),(29,'','',29),(30,'1 Tbsp','',30),(31,'3 cups','8 oz',31),(32,'2 cups','8 oz',32),(33,'1 qt','1 lb',33),(34,'25 each','8 oz',34),(35,'25 each','1 lb 8 oz',35),(36,'25 each (1 oz each)','1 lb 9 oz',36),(37,'3 qt','5 lb 8 oz',37),(38,'','',38),(39,'3 qt','5 lb 8 oz',39),(40,'','3 oz',40),(41,'1 Tbsp',' ',41),(42,'1 tsp',' ',42),(43,'2 Tbsp',' ',43),(44,'2 Tbsp','',44),(45,'2 tsp','',45),(46,'1 Tbsp','',46),(47,'½ tsp','',47),(48,'1 qt 2½ cups','',48),(49,'1½ cups 1 Tbsp (⅛ No. 10 can)','14 oz',49),(50,'1 gal','',50),(51,'2 qt','3 lb 2 oz',51),(52,'1¾ cups','1 oz',52),(53,'','',53),(54,'1 qt 1⅓ cup','2 lb 8 oz',54),(55,'2⅓ cups','12 oz',55),(56,'½ cup','3 oz',56),(57,'1¾ cups','1 oz',57),(58,'⅓ cup','2 oz',58),(59,'½ tsp',' ',59),(60,'½ tsp',' ',60),(61,'1 Tbsp',' ',61),(62,'1 qt 1 cup','1 lb 4 oz',62),(63,'3¼ cups','10 oz',63),(64,'1 qt 2 cups','1 lb 4 oz',64),(65,'1 qt','1 lb 8 oz',65),(66,'¼ cup',' ',66),(67,'⅓ cup',' ',67),(68,'½ tsp','',68),(69,'1½ cups','12½ oz',69),(70,'¼ cup','',70),(71,'1 gal','5 lb 12 oz',71),(72,'2 cups','',72),(73,'2 tsp','',73),(74,'2 tsp','',74),(75,'⅔ cup','8 oz',75),(76,'2½ cups','1 lb 4 oz',76),(77,'8 oz','¾ cup',77),(78,'¾ tsp','',78),(79,'½ tsp','',79),(80,'⅓ cup','',80),(81,'1 cup','',81),(82,'3 qt 1½ cups','3 lb 2 oz',82),(83,'1 qt (approx. ½ No. 10 can)','1 lb 15 oz',83),(84,'1 qt','1 lb',84),(85,'1½ cups','9½ oz',85),(86,'⅔ cup','2 oz',86),(87,'3 qt 2 cupss','3 lb 4 oz',87),(88,'2 tsp','',88),(89,'2 tsp','',89),(90,'1 Tbsp',' ',90),(91,'1 Tbsp',' ',91),(92,'1 tsp','',92),(93,'3 Tbsp','',93),(94,'','',94),(95,'3 Tbsp','',95),(96,'1½ cups','8 oz',96),(97,'2 cups','8 oz',97),(98,'2 cups','8 oz',98),(99,'1 qt ¼ cup','1 lb 12 oz',99),(100,'2½ cups','14 oz',100),(101,'2 cups','14 oz',101),(102,'1 Tbsp','',102),(103,'¼ cup','',103),(104,'1 tsp','',104),(105,'6 each','6 oz',105),(106,'','',106),(107,'¼ cup','',107),(108,'50 each (1 oz each)','3 lb 2 oz',108),(109,'1 gal 2 cups',' ',109),(110,'1 lb 15 oz','1 qt 2 cups',110),(111,'1 qt 3 cups','2 lb',111),(112,'2 qt 3 cups','2 lb 4 oz',112),(113,'¼ cup','2 oz',113),(114,'½ cup','2 oz',114),(115,'2 qt 3 cups','2 lb 4 oz',115),(116,'3 cups','',116),(117,'1½ tsp','',117),(118,'¾ tsp','',118),(119,'¾ tsp','',119),(120,'¼ cup','',120),(121,'2 gal','2 lb',121),(122,'3 qt 1 cup','3 lb 3 oz',122),(123,'2 qt','1 lb',123),(124,'1 lb 4 oz','1 qt 1 cup',124),(125,'1 qt','1 lb',125),(126,'1 qt 2 cups','1 lb 4 oz',126),(127,'1 gal','7 lb',127),(128,'½ cup','',128),(129,'½ cup','',129),(130,'2 tsp','',130),(131,'½ tsp','',131),(132,'¼ cup','',132),(133,'2 tsp','',133),(134,'1 qt 1¾ cups','3 lb 1½ oz',134),(135,'3 qt','',135),(136,'1 tsp',' ',136),(137,'2 qt','3 lb 2 oz',137),(138,'½ cup','',138),(139,'2 cups',' 10 oz',139),(140,'1¾ cups 2 Tbsp','10 oz',140),(141,'¼ cup','3 oz',141),(142,'2 Tbsp',' ',142),(143,'1 Tbsp 1½ tsp',' ',143),(144,'1 gal 1 cup (approx. 1 No. 10 can and 1-15 oz can)','7 lb',144),(145,'','',145),(146,'1 gal 1 cup','7 lb',146),(147,'2 qt','',147),(148,'1 tsp','',148),(149,'½ cup','1 oz',149),(150,'2⅓ cups','12 oz',150),(151,'1 qt','1 lb 12 oz',151),(152,'1 lb 4 oz','1 qt 1 cup',152),(153,'1 qt ⅛ cup','1 lb',153),(154,'¼ cup','2 oz',154),(155,'3½ cups','12 oz',155),(156,'2 Tbsp','',156),(157,'¼ tsp','',157),(158,'½ tsp','',158),(159,'½ tsp','',159),(160,'1 gal','3 lb 12 oz',160),(161,'3 cups','1 lb 12 oz',161),(162,'1¾ cups','1 lb 8 oz',162),(163,'2 Tbsp','',163),(164,'1¾ cups',' ',164),(165,'1 qt ½ cup','1 lb 10 oz',165),(166,'1 qt ½ cup','1 lb 10 oz',166),(167,'¼ cup','',167),(168,'1 qt','1 lb',168),(169,'3 cups','1 lb',169),(170,'1 Tbsp','',170),(171,'½ tsp','',171),(172,'2 tsp','',172),(173,'1 Tbsp 1 tsp','',173),(174,'2 tsp','',174),(175,'½ tsp','',175),(176,'½ tsp','',176),(177,'2 tsp','',177),(178,'1 tsp','',178),(179,'2 Tbsp','',179),(180,'','',180),(181,'2 Tbsp','',181),(182,'1 qt','',182),(183,'2 Tbsp 2 tsp','',183),(184,'1 cup','9 oz',184),(185,'2½ cups (approx. ¼ No. 10 can)','1 lb 4 oz',185),(186,'2 qt 1 cup','3 lb 8 oz',186),(187,'2 qt','',187),(188,'2 each','6 oz',188),(189,'','',189),(190,'¼ cup','6 oz',190),(191,'','9 lb',191),(192,'1 lb 5 oz','1¾ cups',192),(193,'½ cup','',193),(194,'1 Tbsp','',194),(195,'1½ tsp',' ',195),(196,'⅓ cup',' ',196),(197,'1 qt 1 cup','1 lb 15 oz',197),(198,'⅓ cup',' ',198),(199,'1 qt','1 lb 12 oz',199),(200,'1 qt 1 cup','1 lb 8 oz',200),(201,'1 qt 1½ cups',' 1 lb 12 oz',201),(202,'1 qt 2 cups','1 lb 8 oz',202),(203,'½ cup','4 oz',203),(204,'½ cup','2 oz',204),(205,'3 Tbsp',' ',205),(206,'4 each','',206),(207,'1 gal','5 lb 8 oz',207),(208,'','',208),(209,'1 gal','5 lb 8 oz',209),(210,'3 qt','',210),(211,'2 tsp',' ',211),(212,'2 tsp','',212),(213,'1½ tsp','',213),(214,'1 Tbsp','',214),(215,'1½ tsp','',215),(216,'½ tsp','',216),(217,'1⅓ tsp','',217),(218,'25 pieces','3 lb 4 oz',218),(219,'1 qt 3 cups','2 lb',219),(220,'1 qt','1 lb 14 oz',220),(221,'1 qt 2 cups','2 lb 6 oz',221),(222,'½ cup','2 oz',222),(223,'¾ cup','3 oz',223),(224,'2½ cup','',224),(225,'½ cup','4 oz',225),(226,'25 each (2 oz each)','3 lb 2 oz',226),(227,'1 gal 1½ qt','1 lb 12 oz',227),(228,'2 cups','',228),(229,'10 oz','3 cups',229),(230,'1 gal','',230),(231,'3 qt','2 lb 8 oz',231),(232,'¼ cup',' ',232),(233,'½ cup',' ',233),(234,'1 qt 2 cups',' ',234),(235,'1 qt 2 cups',' ',235),(236,'1 cup','4 oz',236),(237,'1 qt 2 cups',' ',237),(238,'1 qt 3½ cups','1 lb 14 oz',238),(239,'¾ cup','',239),(240,'1¼ cups','10 oz',240),(241,'1¼ cups','10 oz',241),(242,'½ tsp',' ',242),(243,'1 Tbsp',' ',243),(244,'¼ cup',' ',244),(245,'½ tsp',' ',245),(246,'1 Tbsp',' ',246),(247,'1 gal 2 qt','',247),(248,'1 lb 9 oz','1 qt 2 cups',248),(249,'1½ cups','11 oz',249),(250,'¼ cup','',250),(251,'1 cup','8 oz',251),(252,'3 Tbsp','2 oz',252),(253,'2 cups','12 oz',253),(254,'2 cups','12 oz',254),(255,'2 Tbsp','',255),(256,'1 qt','12 oz',256),(257,'2¼ cups','12 oz',257),(258,'1½ cups','8 oz',258),(259,'¾ tsp','',259),(260,'½ tsp','',260),(261,'1 tsp','',261),(262,'½ cupt','',262),(263,'1 Tbsp','',263),(264,'1½ tsp','',264),(265,'3½ Tbsp','3 oz',265),(266,'⅛ cup','',266),(267,'','',267),(268,'⅛ cup','',268),(269,'1 cup ½ Tbsp','',269),(270,'½ cup','',270),(271,'1 cup','',271),(272,'½ cup','',272),(273,'3 qt ½ cup (approx. 1⅓ No. 10 can)','5 lb',273),(274,'','',274),(275,'2 qt ¾ cup ⅛ cup','5 lb',275),(276,'1 qt 2 cups','1 lb 12 oz',276),(277,'1⅛ cups','6 oz',277),(278,'1⅓ cups','8 oz',278),(279,'1½ cups (approx. 1 No. 300 can)','14 oz',279),(280,'⅓ cup 2¾ tsp','2 oz',280),(281,'¼ cup','',281),(282,'2 cups','8 oz',282),(283,'1 qt ½ cup','2 lb 4 oz',283),(284,'1 qt 2 cups',' ',284),(285,'2 cups','10 oz',285),(286,'¼ tsp','',286),(287,'1½ tsp',' ',287),(288,'½ tsp',' ',288),(289,'¼ tsp','',289),(290,'1 qt 3 cups','1 lb 12 oz',290),(291,'1 qt 2½ cups','1 lb 12 oz',291),(292,'1 gal 1 qt','1 lb 4 oz',292),(293,'1 qt','13 oz',293),(294,'2 qt 2 cups','',294),(295,'3 lb 2 oz','2 qt',295),(296,'¼ cup','2 oz',296),(297,'3 cups','1 lb',297),(298,'2 qt',' 1 lb 8 oz',298),(299,'1 Tbsp',' ',299),(300,'1½ tsp',' ',300),(301,'1 tsp',' ',301),(302,'1 tsp',' ',302),(303,'2¼ cups','2 oz',303),(304,'3 cups','',304),(305,'3 qt 3 cups','1 lb',305),(306,'1 qt','1 lb',306),(307,'2¾ cups','9 oz',307),(308,'3½ qt (approx. ½ No. 10 can)','3 lb 12 oz',308),(309,'¼ cup 1 Tbsps','',309),(310,'¼ cup','3 oz',310),(311,'1½ tsp (divide in half)',' ',311),(312,'½ tsp','',312),(313,'','3 lb 4 oz',313),(314,'3 cups','1 lb 2 oz',314),(315,'1½ cups','8 oz',315),(316,'½ tsp','',316),(317,'1 tsp','',317),(318,'½ tsp','',318),(319,'1 Tbsp 2 tsp','',319),(320,'1 tsp','',320),(321,'1 tsp','',321),(322,'¼ cup 2 Tbsp','6 oz',322),(323,'3 qt','5 lb 8 oz',323),(324,'2 cups','1 lb 8 oz',324),(325,'1 qt','1 lb 8 oz',325),(326,'3 Tbsp',' ',326),(327,'1½ tsp','',327),(328,'1 Tbsp','',328),(329,'1 Tbsp','',329),(330,'1 tsp','',330),(331,'1 tsp','',331),(332,'¾ cup','',332),(333,'1 qt 2 cups','',333),(334,'1⅓ cups','11 oz',334),(335,'1 qt','',335),(336,'2 each','',336),(337,'1 cup','',337),(338,'3 qt 2 cups','',338),(339,'2 qt','3 lb 2 oz',339),(340,'2 qt','3 lb 2 oz',340),(341,'2 qt 2 cups','',341),(342,'3 Tbsp','',342),(343,'1 gal 3 cups','7 lb',343),(344,'3 Tbsp','',344),(345,'1½ Tbsp','',345),(346,'2 tsp','',346),(347,'2 tsp','',347),(348,'½ tsp','',348),(349,'2 Tbsp','',349),(350,'2 Tbsp ½ tsp','',350),(351,'1 qt 2 cups','1 lb 12 oz',351),(352,'1 qt 3 cups','1 lb',352),(353,'1 gal','1 lb',353),(354,'2 qt 1¼ cups','',354),(355,'2 qt ¼ cup','',355),(356,'⅓ cup 2 tsp','3 oz',356),(357,'¾ cup','',357),(358,'1 Tbsp','',358),(359,'½ tsp','',359),(360,'½ tsp','',360),(361,'1 tsp','',361),(362,'2 qt','1 lb 15 oz',362),(363,'1 qt 3½ cups','3 lb 2 oz',363),(364,'7 lb','3 qt',364),(365,'½ cup','',365),(366,'¼ cup','',366),(367,'3½ cups','1 lb 3 oz',367),(368,'3¼ cups','1 lb 4 oz',368),(369,'1 gal','',369),(370,'2½ tsp','',370),(371,'2 qt','2 lb 12 oz',371),(372,'1 qt','1 lb 6 oz',372),(373,'2 cups','1½ oz',373),(374,'2 cups','1½ oz',374),(375,'1½ cups','8 oz',375),(376,'1 cup','5 oz',376),(377,'¼ cup','',377),(378,'1 tsp','',378),(379,'1¼ cups','',379),(380,'⅓ cup','',380),(381,'2 qt 1','3 lb',381),(382,'1½ cups 1 Tbsp','8 oz',382),(383,'2⅓ cups','12 oz',383),(384,'¾ tsp','',384),(385,'¾ cup','5⅓ oz',385),(386,'1½ cups','1 lb',386),(387,'1 Tbsp','',387),(388,'1 Tbsp','',388),(389,'1 Tbsp','',389),(390,'25 each (about 3” x 3”)','9 oz',390),(391,'25 each (about ¼ inch slice)','2 lb 8 oz',391),(392,'50 each (2-1 oz each)','50 oz',392),(393,'2 qt 2 cups','2 lb',393),(394,'½ cup','4 oz',394),(395,'1 qt 2 cups','1 lb 12 oz',395),(396,'1 qt 1 cup','1 lb 8 oz',396),(397,'1 qt 1 cup','1 lb 8 oz',397),(398,'¾ cup','4 oz',398),(399,'1 cup','',399),(400,'1 qt','',400),(401,'1½ tsp','',401),(402,'1 tsp','',402),(403,'2½ tsp','',403),(404,'1½ tsp','',404),(405,'','3 lb 4 oz',405),(406,'¼ cup 2 Tbsp','3 oz',406),(407,'1 tsp','',407),(408,'½ tsp','',408),(409,'½ tsp','',409),(410,'50 each','3 lb 2 oz',410),(411,'2 gal','2 lb',411),(412,'50 each','3 lb 2 oz',412),(413,'25 each','2 lb 8 oz',413),(414,'⅛ cup','',414),(415,'2⅓ cups','12 oz',415),(416,'1½ cups','8 oz',416),(417,'¼ cup',' ',417),(418,'¾ cup','',418),(419,'⅛ cup','',419),(420,'2 tsp','',420),(421,'3 Tbsp','',421),(422,'','',422),(423,'3 Tbsp','',423),(424,'1 tsp','',424),(425,'⅛ cup','',425),(426,'¼ cup','2 oz',426),(427,'1 qt 3 cups (½ No.10 can)','3 lb 8 oz',427),(428,'2⅓ cups 1 Tbsp ¼ tsp (approx. ¼ No. 10 can)','1 lb 4 oz',428),(429,'3 qt 2 cups (approx. 1 No. 10 can)','5 lb 4 oz',429),(430,'','',430),(431,'3 qt 1 cup','5 lb 4 oz',431),(432,'1½ cups','12 oz',432),(433,'2 cups','',433),(434,'1 qt','',434),(435,'1¾ cups','1 lb 2 oz',435),(436,'1 qt 1 cup','1 lb',436),(437,'3 cups','1 lb',437),(438,'1 qt','1 lb 4 oz',438),(439,'2 tsp','',439),(440,'1 tsp',' ',440),(441,'2 qt','1 lb',441),(442,'2 cups','8 oz',442),(443,'1 cup','',443),(444,'1 qt 1 cup','2 lb 10 oz',444),(445,'1½ cups 1 Tbsp','7 oz',445);
/*!40000 ALTER TABLE `serving25` ENABLE KEYS */;
UNLOCK TABLES;

--
-- Table structure for table `serving50`
--

DROP TABLE IF EXISTS `serving50`;
/*!40101 SET @saved_cs_client     = @@character_set_client */;
/*!50503 SET character_set_client = utf8mb4 */;
CREATE TABLE `serving50` (
  `id` bigint NOT NULL AUTO_INCREMENT,
  `measure` varchar(255) DEFAULT NULL,
  `weight` varchar(255) DEFAULT NULL,
  `ingredient_id` bigint DEFAULT NULL,
  PRIMARY KEY (`id`),
  KEY `FKgigfviq3uokh2ablr3tlpd88a` (`ingredient_id`),
  CONSTRAINT `FKgigfviq3uokh2ablr3tlpd88a` FOREIGN KEY (`ingredient_id`) REFERENCES `ingredient` (`id`)
) ENGINE=InnoDB AUTO_INCREMENT=446 DEFAULT CHARSET=utf8mb4 COLLATE=utf8mb4_0900_ai_ci;
/*!40101 SET character_set_client = @saved_cs_client */;

--
-- Dumping data for table `serving50`
--

LOCK TABLES `serving50` WRITE;
/*!40000 ALTER TABLE `serving50` DISABLE KEYS */;
INSERT INTO `serving50` VALUES (1,'1 gal 2 cups','6 lb 4 oz',1),(2,'2 cups','1 lb',2),(3,'¼ cup','3 oz',3),(4,'2 Tbsp','',4),(5,'2 Tbsp','',5),(6,'1 cup','8 oz',6),(7,'3 cups','1 lb',7),(8,'2 Tbsp 2 tsp','',8),(9,'2 Tbsp 2 tsp','',9),(10,'1 cup','8 oz',10),(11,'1 qt','12 oz',11),(12,'50 pieces','6 lb 4 oz',12),(13,'50 pieces (3 x 3 medium size)','1 lb 9 oz',13),(14,'50 slices (¼ slices)','4 lb 11 oz',14),(15,'2 cups','1 lb',15),(16,'1 qt 2 cups','2 lb',16),(17,'2 Tbsp','',17),(18,'1 Tbsp','',18),(19,'1 qt 2 cups (approx. ½ No. 10 can)','3 lb 8 oz',19),(20,'1 tsp','',20),(21,'1½ cups','12 oz',21),(22,'½ cup','',22),(23,'2 tsp','',23),(24,'¼ cup','',24),(25,'2 gal','7 lb',25),(26,'','',26),(27,'2 gal','7 lb',27),(28,'2 Tbsp','',28),(29,'','',29),(30,'2 Tbsp','',30),(31,'1 qt 2 cups','1 lb',31),(32,'1 qt','1 lb',32),(33,'2 qt','2 lb',33),(34,'50 each','1 lb',34),(35,'50 each','3 lb',35),(36,'50 each (1 oz each)','3 lb 2 oz',36),(37,'1 gal 2 qt','11 lb',37),(38,'','',38),(39,'1 gal 2 qt','11 lb',39),(40,'','6 oz',40),(41,'2 Tbsp','',41),(42,'',' ',42),(43,'¼ cup',' ',43),(44,'¼ cup','',44),(45,'1 Tbsp 1 tsp','',45),(46,'2 Tbsp',' ',46),(47,'1 tsp',' ',47),(48,'3 qt 1 cup',' ',48),(49,'3 cups 2 Tbsp (¼ No. 10 can','1 lb 12 oz',49),(50,'2 gal','',50),(51,'1 gal','6 lb 4 oz',51),(52,'1 qt 3 cups','2 oz',52),(53,' ',' ',53),(54,'2 qt 2⅔ cups','5 lb',54),(55,'1 qt ⅔ cup','1 lb 8 oz',55),(56,'1 cup','6 oz',56),(57,'3½ cups','2 oz',57),(58,'1⅔ cup','4 oz',58),(59,'1 tsp',' ',59),(60,'1 tsp',' ',60),(61,'12 Tbsp',' ',61),(62,'2 qt 2 cups','2 lb 8 oz',62),(63,'1 qt 2½ cups','1 lb 4 oz',63),(64,'3 qt','2 lb 8 oz',64),(65,'2 qt','3 lb',65),(66,'½ cup','',66),(67,'⅔ cup',' ',67),(68,'1 tsp','',68),(69,'3 cups','1 lb 9 oz',69),(70,'½ cup','',70),(71,'2 gal','11 lb 8 oz',71),(72,'1 qt','',72),(73,'1 Tbsp 1 tsp','',73),(74,'1 Tbsp 1 tsp','',74),(75,'1⅓ cups','1 lb',75),(76,'1 qt 1 cup','2 lb 8 oz',76),(77,'1½ cups','1 lb',77),(78,'1½ tsp','',78),(79,'1 tsp','',79),(80,'⅔ cup','',80),(81,'2 cups','',81),(82,'1 gal 2 qt 3 cups','6 lb 4 oz',82),(83,'2 qt (approx. 1 No. 10 can)','3 lb 14 oz',83),(84,'2 qt','2 lb',84),(85,'3 cups','1 lb 3 oz',85),(86,'1⅓ cups','4 oz',86),(87,'1 gal 3 qt','6 lb 8 oz',87),(88,'1 Tbsp 1 tsp','',88),(89,'1 Tbsp 1 tsp','',89),(90,'2 Tbsp','',90),(91,'2 Tbsp',' ',91),(92,'2 tsp','',92),(93,'⅓ cup 2 tsp','',93),(94,'','',94),(95,'⅓ cup 2 tsp','',95),(96,'3 cups','1 lb',96),(97,'1 qt','1 lb',97),(98,'1 qt','1 lb',98),(99,'2 qt ½ cup','3 lb 8 oz',99),(100,'1 qt 1 cup','1 lb 12 oz',100),(101,'1 qt','1 lb 12 oz',101),(102,'2 Tbsp','',102),(103,'½ cups','',103),(104,'2 tsp','',104),(105,'12 each','12 oz',105),(106,'','',106),(107,'½ cup','',107),(108,'100 each (1 oz each)','6 lb 4 oz',108),(109,'2 gal 1 qt','',109),(110,'3 qt','3 lb 14 oz',110),(111,'3 qt 2 cups','4 lb',111),(112,'1 gal 1 qt 2 cups','4 lb 8 oz',112),(113,'½ cup','4 oz',113),(114,'1 cup','4 oz',114),(115,'1 gal 1 qt 2 cups','4 lb 8 oz',115),(116,'1 qt 2 cups','',116),(117,'1 Tbsp','',117),(118,'1½ tsp',' ',118),(119,'1½ tsp',' ',119),(120,'½ cup',' ',120),(121,'4 gal','4 lb ',121),(122,'1 gal 2 qt 2 cups','6 lb 6 oz',122),(123,'1 gal','2 lb',123),(124,'2 qt 2 cups','2 lb 8 oz',124),(125,'2 qt','2 lb',125),(126,'3 qt','2 lb 8 oz',126),(127,'2 gal','14 lb',127),(128,'1 cups','',128),(129,'1 cup','',129),(130,'1 Tbsp 1 tsp','',130),(131,'1 tsp','',131),(132,'½ cup','',132),(133,'1 Tbsp 1 tsp','',133),(134,'2 qt 3½ cups','6 lb 3 oz    ',134),(135,'1 gal 2 qt','',135),(136,'2 tsp','',136),(137,'1 gal','6 lb 4 oz',137),(138,'1 cup','',138),(139,'1 qt','1 lb 4 oz',139),(140,'3¾ cups','1 lb 4 oz',140),(141,'½ cup','6 oz',141),(142,'¼ cup',' ',142),(143,'3 Tbsp',' ',143),(144,'2 gal 2 cups (approx. 2 No. 10 can and 1-15 oz can)','14 lb',144),(145,' ',' ',145),(146,'2 gal 2 cups','14 lb',146),(147,'2 tsp','',147),(148,'2 tsp','',148),(149,'1 cup','2 oz',149),(150,'1 qt ⅔ cup','1 lb 8 oz',150),(151,'2 qt','3 lb 8 oz',151),(152,'1 gal','2 qt',152),(153,'2 qt ¼ cup','2 lb',153),(154,'½ cup','4 oz',154),(155,'1 qt 3 cups','1 lb 8 oz',155),(156,'¼ cup','3 oz',156),(157,'½ tsp','',157),(158,'1 tsp','',158),(159,'1 tsp','',159),(160,'2 gal','7 lb 8 oz',160),(161,'1 qt 2 cups','3 lb 8 oz',161),(162,'3½ cups','3 lb',162),(163,'¼ cup','',163),(164,'3½ cups','2 oz',164),(165,'2 qt 1 cup','3 lb 4 oz',165),(166,'2 qt 1 cup','3 lb 4 oz',166),(167,'½ cup','',167),(168,'2 qt','2 lb',168),(169,'1 qt 2 cups','2 lb',169),(170,'2 Tbsp','',170),(171,'1 tsp','',171),(172,'1 Tbsp 1 tsp','',172),(173,'2 Tbsp 2 tsp','',173),(174,'1 Tbsp 1 tsp','',174),(175,'1 tsp','',175),(176,'1 tsp','',176),(177,'1 Tbsp 1 tsp','',177),(178,'2 tsp','',178),(179,'¼ cup','12 oz',179),(180,'','',180),(181,'¼ cup','',181),(182,'2 qt','',182),(183,'¼ cup 1 Tbsp 1 tsp','',183),(184,'2 cups','1 lb 2 oz',184),(185,'1 qt 1 cup (approx. ½ No. 10 can)','2 lb 8 oz',185),(186,'1 gal 2 cups','7 lb',186),(187,'1 gal','',187),(188,'4 each','12 oz',188),(189,'','',189),(190,'½ cup','12 oz',190),(191,'','18 lb',191),(192,'3½ cups','2 lb 10 oz',192),(193,'1 cup','',193),(194,'2 Tbsp','',194),(195,'1 Tbsp','',195),(196,'⅔ cup',' ',196),(197,'2 qt 2 cups','3 lb 14 oz',197),(198,'⅔ cup','',198),(199,'2 qt','3 lb 8 oz',199),(200,'2 qt 2 cups','3 lb',200),(201,'2 qt 3 cups','3 lb 8 oz',201),(202,'3 qt','3 lb',202),(203,'1 cup','8 oz',203),(204,'1 cup','4 oz',204),(205,'¼ cup 2 Tbsp',' ',205),(206,'8 each','',206),(207,'2 gal','11 lb',207),(208,'','',208),(209,'2 gal','11 lb',209),(210,'1 gal 2 qt','',210),(211,'1 Tbsp 1 tsp','',211),(212,'1 Tbsp 1 tsp','',212),(213,'1 Tbsp','',213),(214,'2 Tbsp','',214),(215,'1 Tbsp','',215),(216,'1 tsp','',216),(217,'2⅔ tsp','',217),(218,'50 pieces','6 lb 8 oz',218),(219,'3 qt 2 cups','4 lb',219),(220,'2 qt','3 lb 12 oz',220),(221,'3 qt','4 lb 12 oz',221),(222,'1 cup','4 oz',222),(223,'1½ cups','6 oz',223),(224,'1 cup','',224),(225,'1 cup','8 oz',225),(226,'50 each (2 oz each)','6 lb 4 oz',226),(227,'2 gal 3 qt','3 lb 8 oz',227),(228,'1 qt','',228),(229,'1 qt 2 cups','1 lb 4 oz',229),(230,'2 gal','',230),(231,'1 gal 2 qt','5 lb',231),(232,'½ cup','',232),(233,'1 cup','2 oz',233),(234,'3 qt',' ',234),(235,'1 qt',' ',235),(236,'2 cups','8 oz',236),(237,'3 qt',' ',237),(238,'3 qt 3 cups','3 lb 12 oz',238),(239,'1½ cups',' ',239),(240,'2½ cups','1 lb 4 oz',240),(241,'2½ cups','1 lb 4 oz',241),(242,'1 tsp',' ',242),(243,'2 Tbsp',' ',243),(244,'½ cup',' ',244),(245,'1 tsp',' ',245),(246,'2 Tbsp',' ',246),(247,'3 gal','',247),(248,'3 qt','3 lb 2 oz',248),(249,'3 cups','1 lb 6 oz',249),(250,'½ cup','',250),(251,'2 cups','1 lb',251),(252,'¼ cup 2 Tbsp','4 oz',252),(253,'1 qt','1 lb 8 oz',253),(254,'1 qt','1 lb 8 oz',254),(255,'¼ cup','2 oz',255),(256,'2 qt','1 lb 8 oz',256),(257,'1 qt ½ cup','1 lb 8 oz',257),(258,'3 cups','16 oz',258),(259,'1½ tsp','',259),(260,'1 tsp','',260),(261,'2 tsp','',261),(262,'1 cup','',262),(263,'⅛ cup','',263),(264,'1 Tbsp','',264),(265,'½ cup','6 oz',265),(266,'⅛ cup','',266),(267,'','',267),(268,'¼ cup','',268),(269,'2 cups 1 Tbsp','3 oz',269),(270,'1 cup','',270),(271,'2 cups','',271),(272,'1 cup','',272),(273,'1 gal 2 qt 1 cup (approx. 2⅔ No. 10 can)','10 lb',273),(274,'','',274),(275,'1 gal 1¾ cups','10 lb',275),(276,'3 qt','3 lb 8 oz',276),(277,'2¼ cups','12 oz',277),(278,'2⅔ cups','1 lb',278),(279,'3 cups (approx. 2 No. 300 can)','1 lb 12 oz',279),(280,'⅔ cup 1 Tbsp 2½ tsp','4 oz',280),(281,'½ cup','2 oz',281),(282,'1 qt','1 lb',282),(283,'2 qt 1 cup','4 lb 8 oz',283),(284,'3 qt','',284),(285,'1 qt','1 lb 4 oz',285),(286,'½ tsp',' ',286),(287,'1 Tbsp',' ',287),(288,'1 tsp',' ',288),(289,'½ tsp',' ',289),(290,'3 qt 2 cups','3 lb 8 oz',290),(291,'3 qt 1 cup','2 lb 8 oz',291),(292,'2 gal 2 qt','2 lb 8 oz',292),(293,'2 qt','1 lb 10 oz',293),(294,'1 gal 1 qt','',294),(295,'1 gal','6 lb 4 oz',295),(296,'½ cup','4 oz',296),(297,'1 qt 2 cups','2 lb',297),(298,'1 gal','3 lb',298),(299,'2 Tbsp',' ',299),(300,'1 Tbsp',' ',300),(301,'2 tsp',' ',301),(302,'2 tsp',' ',302),(303,'1 qt ½ cup','4 oz',303),(304,'1 qt 2 cups',' ',304),(305,'1 gal 3 qt 2 cups','2 lb',305),(306,'2 qt','2 lb',306),(307,'1 qt 1½ cups','1 lb 2 oz',307),(308,'1 gal 3 qt (approx. 1 No. 10 can)','7 lb 8 oz',308),(309,'½ cup 2 Tbsp','',309),(310,'½ cup','6 oz',310),(311,'1 Tbsp (divide in half)','',311),(312,'1 tsp','',312),(313,'','6 lb 8 oz',313),(314,'1 qt 2 cups','2 lb 4 oz',314),(315,'3 cups','1 lb',315),(316,'1 tsp','',316),(317,'2 tsp','',317),(318,'1 tsp','',318),(319,'3 Tbsp 1 tsp','',319),(320,'2 tsp','',320),(321,'2 tsp','',321),(322,'¾ cup','12 oz',322),(323,'1 gal 2 qt','11 lb',323),(324,'1 qt','3 lb',324),(325,'2 qt','3 lb',325),(326,'¼ cup 2 Tbsp','',326),(327,'1 Tbsp','',327),(328,'2 Tbsp','',328),(329,'2 Tbsp','',329),(330,'2 tsp','',330),(331,'2 tsp','',331),(332,'1½ cups','',332),(333,'3 qt','',333),(334,'2⅔ cups','1 lb 6 oz',334),(335,'2 qt','',335),(336,'4 each','',336),(337,'2 cups','2 oz',337),(338,'1 gal 3 qt','',338),(339,'1 gal','6 lb 4 oz',339),(340,'1 gal','6 lb 4 oz',340),(341,'1 gal 1 qt','',341),(342,'⅓ cup 2 tsp','',342),(343,'2 gal 1 qt 2 cups ','14 lb',343),(344,'¼ cup 2 Tbsp ','',344),(345,'3 Tbsp','',345),(346,'1 Tbsp 1 tsp','',346),(347,'1 Tbsp 1 tsp','',347),(348,'1 tsp','',348),(349,'¼ cup','',349),(350,'¼ cup 1 tsp','',350),(351,'3 qt','3 lb 8 oz',351),(352,'3 qt 2 cups','2 lb',352),(353,'2 gal','2 lb',353),(354,'1 gal 2½ cups','',354),(355,'1 gal ½ cupt','',355),(356,'⅔ cup 1 Tbsp 1 tsp','6 oz',356),(357,'1½ cups','',357),(358,'2 Tbsp','',358),(359,'1 tsp','',359),(360,'1 tsp','',360),(361,'2 tsp','',361),(362,'1 gal','3 lb 14 oz',362),(363,'3 qt 3 cups','6 lb 4 oz',363),(364,'1 gal 2 qt','14 lb',364),(365,'1 cup','',365),(366,'½ cup','',366),(367,'1 qt 3 cups','2 lb 6 oz',367),(368,'1 qt 2½ cup','2 lb 8 oz',368),(369,'2 gal','',369),(370,'1 Tbsp 2 tsp','',370),(371,'1 gal','5 lb 8 oz',371),(372,'2 qt','2 lb 12 oz',372),(373,'1 qt','3 oz',373),(374,'3 cups','1 lb',374),(375,'2 cups','10 oz',375),(376,'2 cups','10 oz',376),(377,'½ cup','',377),(378,'2 tsp','',378),(379,'2½ cups','',379),(380,'⅔ cup','',380),(381,'1 gal 3 cu','6 lb',381),(382,'3 cups 2 Tbsp','1 lb',382),(383,'1 qt ⅔ cup','1 lb 8 oz',383),(384,'1½ tsp','',384),(385,'1½ cups','10⅔ oz',385),(386,'3 cups','2 lb',386),(387,'2 Tbsp','',387),(388,'2 Tbsp','',388),(389,'2 Tbsp','',389),(390,'50 each (about 3” x 3”)','1 lb 2 oz',390),(391,'50 each (about ¼ inch slice)','5 lb',391),(392,'100 each (2-1 oz each)','100 oz',392),(393,'1 gal 1 qt','4 lb',393),(394,'1 cup','8 oz',394),(395,'3 qt','3 lb 8 oz',395),(396,'2 qt 2 cups','3 lb',396),(397,'2 qt 2 cups','3 lb',397),(398,'1½ cups','8 oz',398),(399,'2 cups','',399),(400,'2 qt','',400),(401,'1 Tbsp','',401),(402,'2 tsp','',402),(403,'1 Tbsp 2 tsp','',403),(404,'1 Tbsp','',404),(405,'','6 lb 8 oz',405),(406,'¾ cup','6 oz',406),(407,'2 tsp','',407),(408,'1 tsp','',408),(409,'1 tsp','',409),(410,'100 each','6 lb 4 oz',410),(411,'4 gal','4 lb',411),(412,'100 each','6 lb 4 oz',412),(413,'50 each','5 lb',413),(414,'¼ cup','2 oz',414),(415,'1 qt ⅔ cup','1 lb 8 oz',415),(416,'3 cups','1 lb',416),(417,'½ cup','2 oz',417),(418,'1½ cups','',418),(419,'¼ cup','',419),(420,'1 Tbsp 1 tsp','',420),(421,'¼ cup 2 Tbsp','',421),(422,'','',422),(423,'¼ cup 2 Tbsp','',423),(424,'2 tsp','',424),(425,'¼ cup','',425),(426,'½ cup','4 oz',426),(427,'3 qt 2 cups (1 No.10 can)','7 lb',427),(428,'1 qt ⅔ cup 1 Tbsp ½ tsp (approx. ½ No. 10 can)','2 lb 8 oz',428),(429,'7 qt (approx. 2 No.10 can)','10 lb 8 oz',429),(430,'','',430),(431,'1 gal 2 qt 2 cups','10 lb 8 oz',431),(432,'3 cups','1 lb 8 oz',432),(433,'1 qt','',433),(434,'2 qt','',434),(435,'3½ cups','2 lb 4 oz',435),(436,'2 qt 2 cup','2 lb',436),(437,'1 qt 2 cups','2 lb',437),(438,'2 qt','2 lb 8 oz',438),(439,'1 Tbsp 1 tsp',' ',439),(440,'2 tsp',' ',440),(441,'1 gal','2 lb',441),(442,'1 qt','1 lb',442),(443,'2 cups','',443),(444,'2 qt 2 cups','5 lb 4 oz',444),(445,'3 cups 2 Tbsp','14 oz',445);
/*!40000 ALTER TABLE `serving50` ENABLE KEYS */;
UNLOCK TABLES;

--
-- Table structure for table `yield_per_volume`
--

DROP TABLE IF EXISTS `yield_per_volume`;
/*!40101 SET @saved_cs_client     = @@character_set_client */;
/*!50503 SET character_set_client = utf8mb4 */;
CREATE TABLE `yield_per_volume` (
  `id` bigint NOT NULL AUTO_INCREMENT,
  `serving25` varchar(255) DEFAULT NULL,
  `serving50` varchar(255) DEFAULT NULL,
  `recipe_id` int DEFAULT NULL,
  PRIMARY KEY (`id`),
  KEY `FKjn1jre742l9ifr5i00gdvtwdl` (`recipe_id`),
  CONSTRAINT `FKjn1jre742l9ifr5i00gdvtwdl` FOREIGN KEY (`recipe_id`) REFERENCES `recipe` (`id`)
) ENGINE=InnoDB AUTO_INCREMENT=85 DEFAULT CHARSET=utf8mb4 COLLATE=utf8mb4_0900_ai_ci;
/*!40101 SET character_set_client = @saved_cs_client */;

--
-- Dumping data for table `yield_per_volume`
--

LOCK TABLES `yield_per_volume` WRITE;
/*!40000 ALTER TABLE `yield_per_volume` DISABLE KEYS */;
INSERT INTO `yield_per_volume` VALUES (1,'About 25 Sandwiches','About 50 Sandwiches',1),(2,'Tuna filling about - 5 lb 3 oz','Tuna filling about - 10 lb 6 oz',1),(3,'About 7 lb 10 oz','About 15 lb 4 oz',2),(4,'About 1 gal 2 qt/2 sheet pans','About 3 gal/4 sheet pans',2),(5,'About 1 gal','About 2 gal',3),(6,'About 9 lb 8 oz/1steam table pan','About 19 lb/2 steam table pans',3),(7,'(12” x 20” x 2½”).','(12” x 20” x 2½”).',3),(8,'About 10 lb 3 oz','About 20 lb 6 oz',4),(9,'1 steam table pan (12” x 20” x 2½)','2 steam table pans (12” x 20” x 2½)',4),(10,'About 9 lb','About 18 lb',5),(11,'About 1 gal 1 qt/1 steam table pan','About 2 gal 2 qt/2 steam table pans',5),(12,'(12 x 20 x 2½)','(12 x 20 x 2½)',5),(13,'About 1 gal','About 2 gal',6),(14,'About 7 lb 15 oz/2 steam table pans','About 15 lb 14 oz/4 steam table pans',6),(15,'(12” x 20” x 2½”)','(12” x 20” x 2½”)',6),(16,'About 19 lb 2 oz','About 38 lb 4 oz',7),(17,'About 2 gal 3 qt/1 steam table pan','About 5 gal 2 qt/2 steam table pans',7),(18,'(12 x 20 x 2½).','(12 x 20 x 2½).',7),(19,'About 10 lb','About 20 lb',8),(20,'About 1 gal 1 qt/1 steam table pan','About 2 gal 2 qt/2 steam table pans',8),(21,'(12” x 20” x 4”)','(12” x 20” x 4”)',8),(22,'About 10 lb beans','About 20 lb beans',9),(23,'About 8 lb 6 oz rice','About 16 lb 12 oz rice',9),(24,'About 1 gal 2 cups beans/1 steam table','About 2 gal1 qt beans/2 steam table pans',9),(25,'pan (12” x 20” x 2½”)','(12” x 20” x 2½”)',9),(26,'About 1 gal 2 qt rice/1 steam table pan','About 3 gal rice/2 steam table pan',9),(27,'(12” x 20” x 2½”)','(12” x 20” x 2½”)',9),(28,'About 9 lb 2 oz','About 18 lb 4 oz',10),(29,'About 1 gal 2 cups/1 steam table pan','About 2 gal 1 qt/2 steam table pans',10),(30,'(12” x 20” x 2½”).','(12” x 20” x 2½”).',10),(31,'About 16 lb 3 oz','About 32 lb 6 oz',11),(32,'About 2 gal/1 steam table pan','About 4 gal/2 steam table panss',11),(33,'(12 x 20 x 4)','(12 x 20 x 4)',11),(34,'About 5 lb 12 oz','About 11 lb 8 oz',12),(35,'About 25 pieces/1 steam table pan','About 50 pieces/2 steam table pans',12),(36,'(12” x 20” x 2½”)','(12” x 20” x 2½”)',12),(37,'About 17 lb 15 oz','About 35 lb 14 oz',13),(38,'About 2 gal 1 qt /1 steam table pan','About 4 gal 2 qt /2 steam table pans',13),(39,'(12 x 20 x 4)','(12 x 20 x 4)',13),(40,'About 25 wraps','About 50 wraps',14),(41,'1 full sheet pan (18” x 26” x 1”)','2 full sheet pans (18” x 26” x 1”)',14),(42,'About 14 lb 15 oz','About 29 lb 14 oz',15),(43,'About 2 gal/1 steam table pan','About 4 gal/2 steam table pans',15),(44,'(12” x 20” x 2½”)','(12” x 20” x 2½”)',15),(45,'About 12 lb 2 oz','About 24 lb 4 oz',16),(46,'About 1½ gal/1 steam table pan','About 3 gal/2 steam table pans',16),(47,'(12” x 20” x 2½”).','(12” x 20” x 2½”).',16),(48,'About 9 lb 15 oz','About 19 lb 14 oz',17),(49,'About 1 gal 1 qt/1 steam table pan','About 2 gal 2 qt/2 steam table pans',17),(50,'(12” x 20” x 2½”)','(12” x 20” x 2½”)',17),(51,'About 11 lb 10 oz','About 23 lb 4 oz',18),(52,'About 1 steam table pan','About 2 steam table pans',18),(53,'(12” x 20” x 2½”)','(12” x 20” x 2½”)',18),(54,'25 pieces','50 pieces',19),(55,'About 12 lb 6 oz/1 steam table pan','About 24 lb 12 oz/2 steam table pans',19),(56,'(12” x 20” x 4”)','(12” x 20” x 4”)',19),(57,'About 8 lbs 2 oz','About 16 lbs 4 oz',20),(58,'About 1 gal/1 steam table pan','About 2 gal/2 steam table pans',20),(59,'(12” x 20” x 2½”)','(12” x 20” x 2½”)',20),(60,'Rice: about 1 gal 2 qt','Rice: about 3 gal',21),(61,'Meat sauce: about 1 gal 1 qt','Meat sauce: about 2 gal 2 qt',21),(62,'Rice: about 8 lb 6 oz','Rice: about 16 lb 12 oz',21),(63,'Meat sauce: about 10 lb 13 oz','Meat sauce: about 21 lb 10 oz',21),(64,'About 18 lb','About 36 lb',22),(65,'About 2 gal 2 qt 1 cup/1 steam table pan','About 5 gal 2 cups /2 steam table pans',22),(66,'(12 x 20 x 4)','(12 x 20 x 4)',22),(67,'About 10 lb 2 oz','About 20 lb 4 oz',23),(68,'About 1 gal/1 steam table pan','About 2 gal/2 steam table pans',23),(69,'(12” x 20” x 2½”).','(12” x 20” x 2½”).',23),(70,'About 10 lb','About 20 lb',24),(71,'About 1 gal 1 qt/25 bowls','About 2 gal 2 qt/50 bowls',24),(72,'About 1 gal 3 qt','About 3 gal 2 qt',25),(73,'About 13 lb 2 oz/1 steam table pan','About 26 lb 4 oz/2 steam table pans',25),(74,'(12 x 20 x 4)','(12 x 20 x 4)',25),(75,'About 5 lb Tuna salad','About 10 lb Tuna salad',26),(76,'About 3 qt Tuna salad','About 1 gal 2 qt Tuna salad',26),(77,'About 9 lb 15 oz','About 19 lb 14 oz',27),(78,'About 1 steam table pan','About 2 steam table pans',27),(79,'(12” x 20” x 2½”)','(12” x 20” x 2½”)',27),(80,'10½ lb/25 sandwiches','21 lb/50 Sandwiches',28),(81,'About 13 lb 15 oz','About 27 lb 14 oz',29),(82,'About 1 gal 2 qt 2 cups/1 steam table','About 3 gal 1 qt/2 steam table pans',29),(83,'pan (12” x 20” x 4”).','(12” x 20” x 4”).',29),(84,'6 lb 4 oz/25 frittata muffins','12 lb 8 oz/50 frittata muffins',30);
/*!40000 ALTER TABLE `yield_per_volume` ENABLE KEYS */;
UNLOCK TABLES;
/*!40103 SET TIME_ZONE=@OLD_TIME_ZONE */;

/*!40101 SET SQL_MODE=@OLD_SQL_MODE */;
/*!40014 SET FOREIGN_KEY_CHECKS=@OLD_FOREIGN_KEY_CHECKS */;
/*!40014 SET UNIQUE_CHECKS=@OLD_UNIQUE_CHECKS */;
/*!40101 SET CHARACTER_SET_CLIENT=@OLD_CHARACTER_SET_CLIENT */;
/*!40101 SET CHARACTER_SET_RESULTS=@OLD_CHARACTER_SET_RESULTS */;
/*!40101 SET COLLATION_CONNECTION=@OLD_COLLATION_CONNECTION */;
/*!40111 SET SQL_NOTES=@OLD_SQL_NOTES */;

-- Dump completed on 2023-12-06 10:14:04
